name,code,hex,family,temperature,tonality
air breeze,9436,#F3EDE8,off whites,cool,light
button rose,8108,#F2E4DF,off whites,cool,light
soft breeze,8116,#F7EAE5,off whites,cool,light
zinnia bloom,8716,#EFE3DF,off whites,cool,light
essence,8099,#F7E2E2,pinks,cool,light
pink mist,8092,#F7E2E0,pinks,cool,light
angel harp,8124,#F5E2E2,pinks,cool,light
lucid dream,5182,#E7D3D3,pinks,cool,light
winged angel,8100,#F7EDE9,off whites,cool,light
touch of fuschia,8140,#F6EDE9,off whites,cool,light
day lily,8060,#F7EBE5,off whites,cool,light
tinge of rose,8084,#F5E6E1,off whites,cool,light
soft chenille,8036,#F9E9DE,off whites,cool,light
zen,8676,#F4E6DD,off whites,warm,light
white clay,8620,#F3E3D7,off whites,warm,light
milkshake,8012,#F9E4D1,oranges,warm,light
lilac frost,7148,#ECE7E4,off whites,cool,light
twilight sky,8204,#EFE8E3,off whites,cool,light
daisy bloom,L178,#EFEAE6,off whites,warm,light
willow creek,8068,#F7EBE4,off whites,cool,light
gossamer,8052,#F7EBE2,off whites,cool,light
blush,L139,#F7EBE0,off whites,cool,light
summer blush-n,0945,#EADED5,off whites,warm,light
fresh fuel,9516,#E7DECF,off whites,warm,light
white butter,L164,#EAE7E1,off whites,warm,light
white cameo,L145,#F7F0E6,off whites,warm,light
crushed ice,L140,#F3ECDE,off whites,warm,light
snow blush,L138,#F4E9DA,off whites,warm,light
harmony,L147,#F3EADB,off whites,warm,light
macadamia,5184,#F0E5D6,off whites,warm,light
desert ivory,8020,#F5E8D9,off whites,warm,light
coral shell,0951,#F7E4CB,off whites,warm,light
virgin lace,L107,#EEE9E2,off whites,warm,light
cobbled path,8636,#F7ECE1,off whites,warm,light
rose blush,5232,#EBE3D9,off whites,warm,light
mica matte,L142,#F2EAE1,off whites,warm,light
peach organza,8028,#F6ECDF,off whites,warm,light
natural linen,L132,#F0E7D4,off whites,warm,light
sesame seed,L127,#EEE3CF,off whites,warm,light
lovely lace,L131,#EEE1CB,off whites,warm,light
crescent,7948,#F7F0DD,off whites,warm,light
thick cream,7860,#F4EED9,off whites,warm,light
cream,0307,#F1E3C8,off whites,warm,light
puppy love,3203,#ECDEC6,browns,warm,light
buttercream-n,L188,#E7DCC3,browns,warm,light
light butter-n,L189,#E7D5B9,browns,warm,light
dawn dew-n,L190,#E4D6C0,browns,warm,light
cold coffee,L129,#E6D6BE,browns,warm,light
mellow orange,8004,#F7F0E3,off whites,warm,light
cream tone,7996,#F7EEDF,off whites,warm,light
south pole,L141,#F3E9DD,off whites,warm,light
raw jute,L151,#F4ECDE,off whites,warm,light
soft glow,0952,#E9DFD2,off whites,warm,light
white fog,L173,#E7E1D6,off whites,warm,light
silver spree,8460,#E5DDD0,off whites,warm,light
sahara dream,L135,#E6DCCA,off whites,warm,light
pressed linen,L150,#F6F0E3,off whites,warm,light
sugared nut,L126,#F8F1DF,off whites,warm,light
powder puff,7972,#F6F0E1,off whites,warm,light
sombre moon,7988,#F9EEDD,off whites,warm,light
soft silk,L160,#ECE5D8,off whites,warm,light
arabian sand,L133,#F1E7D4,off whites,warm,light
pebble white,L136,#F1E8D8,off whites,warm,light
shepherd trail,8764,#E6DED3,off whites,warm,light
sonnet,L146,#F7F1E7,off whites,warm,light
blossom tint,L148,#F4EEE0,off whites,warm,light
pale pearl,7940,#F2ECDE,off whites,warm,light
pure ivory,L124,#F3EEDD,off whites,warm,light
solitaire,8500,#EEE7DA,off whites,warm,light
double cream,L134,#F0EADA,off whites,warm,light
white canvas,L157,#EDE7DB,off whites,warm,light
silence,L158,#EDE7DC,off whites,warm,light
rain drop,L143,#F5F0E7,off whites,warm,light
chalk powder,L183,#F0E9E0,off whites,warm,light
pearl star,L103,#F3EDE0,off whites,warm,light
almost ivory,L156,#F3EDE0,off whites,warm,light
milky way,L102,#F4EDDF,off whites,warm,light
retro white,L179,#EFE8DD,off whites,warm,light
whitener,8476,#E9E3D9,off whites,warm,light
enlighten-n,4148,#E0D8CB,browns,warm,light
silver comet,L125,#F6F0DE,off whites,warm,light
angel cloud,L123,#F3EEDF,off whites,warm,light
cotton wool,L104,#F2EEE3,off whites,warm,light
swan wing,L101,#F5EFE1,off whites,warm,light
eggshell,L149,#F0EADC,off whites,warm,light
vanilla mist,L174,#F0E9DA,off whites,warm,light
white delight,8436,#E9E4D9,off whites,warm,light
dreamy night,L159,#E6E0D3,off whites,warm,light
love song,L144,#F4F0E5,off whites,warm,light
sea shine,L170,#F2EEE2,off whites,warm,light
blank canvas,7932,#F7F2E3,off whites,warm,light
ice crystal,8444,#EFEADF,off whites,warm,light
crystal peak,L105,#F2EEE3,off whites,warm,light
skimmed cream,L122,#F3EFE1,off whites,warm,light
soft snow,L175,#EFE8DA,off whites,warm,light
natural cream,8483,#E9E2D3,off whites,warm,light
cream pie,L152,#F6F3E8,off whites,warm,light
pale sisal,L155,#F5F2E6,off whites,warm,light
morning glory,0765,#F1ECE2,off whites,warm,light
pristine linen,L153,#F0ECDE,off whites,warm,light
soft glance,8484,#EEEADE,off whites,warm,light
glacier ridge,8428,#E9E5DA,off whites,warm,light
icy peak,L109,#E7E5DA,off whites,warm,light
confetti,8300,#E2DED6,greys,warm,light
pipe dream,L154,#F6F3E7,off whites,warm,light
moonlight,L121,#F3EFDC,off whites,warm,light
vanilla ice,7836,#F3EEDA,off whites,warm,light
firefly flicker,7916,#F6F2DF,off whites,warm,light
white bush,L176,#EEECE1,off whites,warm,light
avalanche,8412,#ECEADC,off whites,warm,light
white gold,8292,#E3E3DC,greys,warm,light
snowflake,8332,#D9D8CF,greys,warm,light
absolute white,L161,#F3F2EC,off whites,warm,light
indian cotton,L165,#F1EDE4,off whites,warm,light
pure cotton,L172,#F1EEE0,off whites,warm,light
white cheese,L177,#EEEADD,off whites,warm,light
spirit wind,8372,#E8E8DE,off whites,warm,light
cosmic dust,8348,#E7E7DE,off whites,warm,light
jade isle,8404,#E4E3D6,off whites,warm,light
virgin mountain,8396,#DCDED1,greens,warm,light
shy iris,7220,#EEECE7,off whites,cool,light
camphor,8260,#EDEBE3,off whites,warm,light
water spray,L118,#EDEFE3,yellows,warm,light
mint lustre,L120,#EEEEDF,yellows,warm,light
misty meadow,7668,#EFEFDE,yellows,warm,light
green republic,7676,#E9EEDB,greens,warm,light
winter nip,7660,#E8EEDB,greens,warm,light
repose,7684,#E8ECD9,greens,warm,light
sour cream,L166,#F0EFE9,off whites,warm,light
white silk,L171,#ECECE4,off whites,warm,light
spotless,L169,#EEEEE8,off whites,warm,light
cream pudding,L108,#EAEBE4,off whites,warm,light
night jasmine,L185,#EBEDE2,yellows,warm,light
tranquil green,8388,#E6E7D9,greens,warm,light
mint essence,L117,#E8EEE1,greens,warm,light
ocean spray,0947,#E3EADC,greens,warm,light
salt white,L163,#F0EFEA,off whites,warm,light
white satin,L119,#EDEFE2,greens,warm,light
iceland,0763,#EBEDE4,greens,warm,light
white echo,L112,#EBEEE4,greens,warm,light
menthol,L116,#E7EFE2,greens,warm,light
alpine,1205,#E0E7E0,greens,cool,light
first frost,8316,#DADBD4,greys,warm,light
smooth flow,9484,#DBDCD6,greys,warm,light
biennale white,L162,#F0EEE8,off whites,warm,light
lap of himalaya,L186,#E8E8E2,greys,warm,light
blue harmony,7252,#EAEBE6,off whites,warm,light
sky mimic,7420,#E7EBE5,blues,warm,light
seagull point,L113,#E8EEE4,greens,warm,light
zen mist,7556,#E2EDDF,greens,warm,light
barrier reef,7612,#E1EDDD,greens,warm,light
ocean cliffs,8347,#D9E2DA,greens,cool,light
ice grey,8259,#E0E0DC,greys,warm,light
mirage white,8276,#DFE5E1,blues,cool,light
sheer ice,L111,#E4E8E1,greys,warm,light
meadow mist,7492,#E3ECE4,greens,cool,light
quiet lake,7572,#E4EDE1,greens,warm,light
white bisque,L115,#E2ECE1,greens,cool,light
alpine green,7588,#DDECDE,greens,cool,light
summer song,7564,#DCEADD,greens,cool,light
white forest,L184,#E7EDE9,off whites,cool,light
hill crest,7236,#E1E3E1,greys,cool,light
brush stroke,7276,#E0E4E3,greys,cool,light
snow princess,7332,#E2EAE7,blues,cool,light
sail boat,7444,#E1EDE6,greens,cool,light
bay breeze,7476,#DEEAE4,greens,cool,light
mainstream,7491,#DBE8E0,greens,cool,light
cool crystal-n,0977,#D4DAD8,greys,cool,light
white sugar,L181,#E7ECEB,whites,cool,light
jet stream,7300,#E2E8E5,whites,cool,light
surfs up,7308,#DEE5E3,whites,cool,light
spring dew,7348,#E0EAE6,whites,cool,light
spring thaw,7388,#DCE4E1,whites,cool,light
whispering breeze,7412,#DFEBE6,whites,cool,light
aqua hint,L114,#DFEDE6,whites,cool,light
crystal river,7460,#D1E8E2,greens,cool,light
winter morn,7228,#E4E5E4,blues,cool,light
fairytale,7251,#DBE4E8,blues,cool,light
star gaze,7364,#D9E7E6,blues,cool,light
phantom lake,7372,#D9E5E3,blues,cool,light
bird bath,7347,#D4E4E6,blues,cool,light
caribbean sky,7419,#D3E2E0,blues,cool,light
solitude,9228,#D1E3E3,blues,cool,light
high spirits,7363,#C7E2E7,blues,cool,light
lilac breeze,7188,#E6E3E0,whites,cool,light
innocent white,L180,#EAEAE9,whites,cool,light
lavender lace,7156,#ECE6E4,whites,cool,light
gem stone,7172,#E9E6E8,whites,cool,light
delicate violet,7164,#E8E4E6,whites,cool,light
pale chiffon,7155,#E8E1E4,whites,cool,light
baby orchid-n,L187,#E7E2E9,purples,cool,light
lavender secret,7163,#E1DBE5,purples,cool,light
purity-n,0766,#EFEAE6,pinks,cool,light
mystic sky,8212,#EAE3DF,pinks,cool,light
pale blush,8132,#F4E8E7,pinks,cool,light
divinity,8700,#EBDDDA,pinks,cool,light
iris ice,9108,#F0E5E5,pinks,cool,light
pink seduction,8148,#F2E7E7,pinks,cool,light
rosy view,8172,#EEE0E3,pinks,cool,light
purple dye,7115,#EDDEE4,pinks,cool,light
outdoor pink,9425,#EBC0DE,pinks,cool,light
rose essence,9417,#ECBED9,pinks,cool,light
mastani-n,9581,#E2BBCF,pinks,cool,light
twilight pink,9416,#E1A5CA,pinks,cool,medium
pink panther-n,9583,#D786B0,pinks,cool,medium
pink flower,9414,#CF78AA,pinks,cool,medium
fervent fuchsia-n,9584,#B05987,pinks,cool,dark
acai berry-n,9585,#764060,pinks,warm,dark
sky pink,9428,#F3ECE9,off whites,cool,light
delicate pink,9427,#F2E2E8,pinks,cool,light
candy floss,9426,#EFCFE4,pinks,cool,light
morning rays,9424,#DCA0CB,pinks,cool,medium
soft petals,9423,#D693C1,pinks,cool,medium
pink water,9422,#CC79B0,pinks,cool,medium
fabric pink,9421,#994264,pinks,cool,dark
royal satin,8165,#6D4358,pinks,warm,dark
zinnia pink-n,9586,#D7A3C9,pinks,cool,medium
mauve spring-n,9587,#C983B6,pinks,cool,medium
allium bloom-n,9588,#BB7BB1,pinks,cool,medium
rich rose-n,9589,#B06A9F,pinks,cool,medium
mauve marvel-n,9590,#A15E88,pinks,warm,dark
sweet prune-n,9591,#765375,pinks,warm,dark
indigo wine-n,9592,#71476A,pinks,warm,dark
purple verve,9101,#6A475C,pinks,warm,dark
pastell rosa-n,9593,#CCA1C8,pinks,warm,medium
true violet-n,9594,#B987B7,pinks,warm,medium
mulled berry-n,9595,#A7799F,pinks,warm,medium
cosmos pink-n,9596,#AC6EA2,pinks,warm,medium
blue plum-n,9597,#955D8F,pinks,warm,dark
onion peel-n,9598,#915788,pinks,cool,dark
juniper berries-n,9599,#754773,purples,warm,dark
purple margarita-n,9600,#64405E,purples,warm,dark
study in scarlet,7114,#E7D0E2,purples,cool,light
tickled pink,7113,#E0C1DE,purples,cool,light
dancing pink,9121,#C8ADCE,purples,cool,medium
wisteria,7112,#C8A8CF,purples,cool,medium
japanese lilac,7111,#BB95C3,purples,cool,medium
happy hyacinth,7110,#AA7EB2,purples,cool,medium
purple martini-n,9601,#8F588E,purples,warm,dark
iris impact,7109,#6A4C6E,purples,cool,dark
catmint blossom-n,9602,#CAB1DA,purples,cool,light
pink reserve,9120,#B296BE,purples,cool,medium
orchidia-n,9603,#A785B5,purples,cool,medium
queen’s parlour-n,9604,#9E7AB1,purples,cool,medium
gulabi muscat-n,9605,#7A6187,purples,cool,dark
purple lore-n,9606,#5F4467,purples,cool,dark
purple galaxy-n,9607,#654763,purples,warm,dark
regal air-n,9608,#4C4556,purples,cool,dark
lilac tint-n,9609,#D8CDE2,purples,cool,light
lilac linen-n,K285,#D1C2DF,purples,cool,light
lavender lyric-n,9610,#B1A0C2,purples,cool,medium
kadambari-n,9611,#997FA9,purples,cool,medium
violet streak-n,9612,#775E86,purples,cool,dark
aronia purple-n,9613,#705B83,purples,cool,dark
purple mystique-n,9614,#685B7D,purples,cool,dark
thangjing-n,9615,#625977,purples,cool,dark
wisteria lane-n,9616,#AD98C9,purples,cool,medium
dianthus-n,9617,#A584B9,purples,cool,medium
primrose purple-n,9618,#73618D,purples,cool,dark
rajputana purple-n,9619,#656195,purples,cool,dark
saintpaulia violet-n,9620,#5B5581,purples,cool,dark
aurora purple-n,9621,#534977,purples,cool,dark
true indigo-n,9622,#564B62,purples,cool,dark
purple gem-n,9623,#50415C,purples,cool,dark
lavender laugh,7147,#DED6DC,purples,cool,light
mauve hint,7146,#CFC5D1,purples,cool,light
wisteria wish,7145,#C3B7C7,purples,cool,light
italian iris,7144,#ACA6B8,purples,cool,medium
lilac dusk-n,9624,#746F7F,purples,cool,medium
purple illusion,7143,#898195,purples,cool,medium
vibrant mauve,7142,#756E81,purples,cool,dark
blue grape-n,9625,#554D5D,purples,cool,dark
spring bouquet,7154,#E0D7E1,purples,cool,light
caprice,7008,#CEC2D9,purples,cool,light
mount olympus,7152,#BBB1CD,purples,cool,medium
heirloom,7151,#A097BA,purples,cool,medium
fuchsia fiesta-n,9626,#978CB5,purples,cool,medium
regal jewel,7150,#887DA3,purples,cool,medium
royal mauve,7149,#5E506C,purples,cool,dark
emperor's purple-n,9627,#53465B,purples,cool,dark
berry shake,9139,#DCD7DA,purples,cool,light
fading light-n,9628,#DFDAE7,purples,cool,light
quartz illusion,7162,#D9D0E3,purples,cool,light
potpourri,7161,#CAC0DF,purples,cool,light
dash of purple,7160,#B4ADD4,purples,cool,medium
velvet night,7159,#A49DCB,purples,cool,medium
royal robes,7158,#827AB0,purples,cool,medium
violet kick-n,9629,#5C527A,purples,cool,dark
carefree breeze,7171,#D5D2DF,purples,cool,light
misty purple,7170,#C8C3D8,purples,cool,light
lilac feather-n,9630,#C6C3DC,purples,cool,light
reverie,7051,#B5B4CD,purples,cool,medium
orchid bloom,7168,#A2A3C6,purples,cool,medium
tiffany,7167,#9B9DC4,purples,cool,medium
intense purple,7166,#7D7CAB,purples,cool,medium
dark triumph,7165,#524E70,purples,cool,dark
lavender sprig,7187,#D9D5D9,purples,cool,light
gypsy queen,0719,#CDC9D1,purples,cool,light
pallid violet,7185,#BCB7C3,purples,cool,medium
still pond,7184,#A7A7B4,purples,cool,medium
garden beauty,7183,#8C8C9C,purples,cool,medium
purple pansy,7182,#6E6C7B,purples,cool,dark
victorian purple,7181,#504D55,purples,cool,dark
charcoal plum-n,9631,#47454F,purples,cool,dark
soft ballad,7196,#DFDBE0,purples,cool,light
cranberry ice,7195,#D1CED9,purples,cool,light
young berry,7194,#BCB9CB,purples,cool,light
princess purple,7193,#A3A5B9,purples,cool,medium
senate purple,7192,#9699AF,purples,cool,medium
mulberry,7191,#7C7D93,purples,cool,medium
vintage velvet,7190,#6C6D84,purples,cool,dark
lineage,7189,#4F4D5A,purples,cool,dark
first ray,7204,#E1DFE3,purples,cool,light
delicate doll,7203,#D5D5E0,purples,cool,light
purple pride,7202,#C7C8DC,purples,cool,light
lined with lilac,7201,#9FA4C6,purples,cool,medium
royal glimmer,7200,#9298BC,purples,cool,medium
grape,7199,#8087AD,purples,cool,medium
plum berry,7198,#73799F,purples,cool,medium
rare orchid,7197,#53516F,purples,cool,dark
natural beauty,7212,#E3E3E6,purples,cool,light
innocence,7211,#D8DBE7,purples,cool,light
hyacinth mist,7210,#C8CEE4,purples,cool,light
violet pond,7209,#BAC2E1,purples,cool,light
petal soft,7208,#A4AED6,purples,cool,medium
classic purple,7207,#8C98C9,purples,cool,medium
purple heart,7206,#6977B0,purples,cool,medium
purple chiffon,7205,#52578D,purples,cool,dark
pearly gates,7219,#E1E3E7,purples,cool,light
beautiful berry,7218,#CCD3E3,purples,cool,light
lilac ribbon-n,9632,#C7CDE7,purples,cool,light
berry blush,7217,#B8C3E2,purples,cool,light
edge of dawn,7216,#9FAED6,purples,cool,medium
french purple,7215,#8298C9,purples,cool,medium
purple robe,7214,#6A7FB7,purples,cool,medium
bluebell beauty-n,9633,#5D6BA6,purples,cool,dark
house of windsor,7227,#CFD4DE,purples,cool,light
violet vista,7226,#B7BFD3,purples,cool,light
purple shell,7225,#9FA9C2,purples,cool,medium
rum & raisin,7224,#8896B1,purples,cool,medium
grape shake,7223,#74829F,purples,cool,medium
mountain vale,7222,#667492,purples,cool,dark
convent blue-n,9634,#536684,purples,cool,dark
ganges midnight-n,9635,#455069,purples,cool,dark
dusky iris,7235,#D5DADC,purples,cool,light
oracle,0720,#C2C9D1,purples,cool,light
ice cube,7233,#B0BAC8,purples,cool,light
thunder,7232,#9EA9B9,purples,cool,medium
pale orchid,7231,#808DA0,purples,cool,medium
energy,7230,#626B7D,purples,cool,dark
ladakh nights-n,9636,#3D4255,purples,cool,dark
pantry plum,7229,#484C56,purples,cool,dark
placid blue-n,9637,#5981B6,blues,cool,medium
eastern bluebird-n,9638,#5F79B4,purples,cool,medium
columbine bloom-n,9639,#5470A9,purples,cool,dark
istanbul blue-n,9640,#49689E,purples,cool,dark
delphinium bloom-n,9641,#424F81,blues,cool,dark
sharp navy-n,9642,#3B4F7D,blues,cool,dark
sailor’s stripes-n,9643,#415273,blues,cool,dark
monsoon midnight-n,9644,#38435F,blues,cool,dark
stratos-n,9645,#DFE6EE,purples,cool,light
blue cloud-n,9646,#CEDEEA,purples,cool,light
pool party,7250,#C4D7E6,purples,cool,light
morning sky,7249,#A8C4E2,purples,cool,light
blue charm,7248,#94B3D8,blues,cool,medium
blue glory,7247,#739BCB,blues,cool,medium
ink blue,7246,#507BB2,blues,cool,medium
naval club-n,9647,#305B90,blues,cool,dark
blue dawn,7275,#C6D6E1,blues,cool,light
summer sky,7274,#AFC8DD,blues,cool,light
scuba blue,7273,#A2BFD9,blues,cool,light
washed indigo,7272,#96B2CF,blues,cool,medium
blue pottery,7271,#7A9DC2,blues,cool,medium
blue clover,1218,#5A81A9,blues,cool,medium
oriental blue,1306,#2E5282,blues,cool,dark
deep denim-n,9648,#3E4158,blues,cool,dark
dove blue-n,9649,#A1C5E5,blues,cool,light
lake grey-n,9650,#7294B3,blues,cool,medium
lucky sapphire,9150,#5E82A8,blues,cool,medium
pangong blue-n,9651,#407EB6,blues,cool,medium
persian pottery-n,9652,#3D6992,blues,cool,dark
cairo blue-n,9653,#26638E,blues,cool,dark
cobalt hit-n,9654,#2A5684,blues,cool,dark
grand grape,7221,#43505F,blues,cool,dark
classic,1243,#C8D9E1,blues,cool,light
sail away,7298,#B6CEDB,blues,cool,light
blissful blue,7297,#A0C0D4,blues,cool,light
far horizons,7296,#85A8C0,blues,cool,medium
picture perfect,7295,#6F95B2,blues,cool,medium
caspian sea,7294,#4C7390,blues,cool,dark
mystic dream,7293,#3D4C60,blues,cool,dark
night swimming-n,9655,#384251,blues,cool,dark
gentle blue,1276,#C8D9DF,blues,cool,light
quiet refuge,7306,#ABC6D6,blues,cool,light
corsican sky,7305,#8FADC1,blues,cool,medium
piece of sky,7304,#6C90A9,blues,cool,medium
stormy sea,7303,#5B7E98,blues,cool,medium
pleasant lake,7302,#52738C,blues,cool,dark
lost blue,9182,#567385,blues,cool,dark
pluto,7301,#404F62,blues,cool,dark
gulmarg winters-n,9656,#C3E1EA,blues,cool,light
young boy blue,7330,#A9D3E7,blues,cool,light
blue bay,7329,#8BC5E3,blues,cool,light
soothing sapphire,7326,#2B88BE,blues,cool,medium
empty sky-n,9657,#2C7FB2,blues,cool,medium
twilight zone,7325,#275C91,blues,cool,dark
pacifica-n,9658,#306194,blues,cool,dark
nightfall-n,9659,#404D69,blues,cool,dark
light sky,7331,#C4DEE8,blues,cool,light
young bloom,7346,#BAD7E2,blues,cool,light
splash,7345,#95C5DC,blues,cool,light
gauguin blue,7344,#86B8D1,blues,cool,medium
firmament,7343,#619FBE,blues,cool,medium
waikiki,7342,#4386A8,blues,cool,medium
lake sapphire-n,9660,#285B79,blues,cool,dark
prussian blue,7341,#34556E,blues,cool,dark
sky watch,7362,#A4D4E3,blues,cool,light
morning frost,7361,#82C5DD,blues,cool,light
costa brava-n,9661,#75C8E4,blues,cool,light
blue curacao,7360,#78BAD4,blues,cool,medium
dayflower blue-n,9662,#44A7CF,blues,cool,medium
hidden springs,7358,#238CB0,blues,cool,medium
peacock crest-n,9663,#0D648A,blues,cool,dark
emphasis,7357,#265D7A,blues,cool,dark
water rapids,7371,#B8D2DA,blues,cool,light
sea ridge,7370,#A2C5D2,blues,cool,light
harbor fog,7369,#96BDCC,blues,cool,medium
thunder bay,7368,#7EA5B7,blues,cool,medium
storm blue,7367,#668FA3,blues,cool,medium
deep water,9223,#598EA2,blues,cool,medium
ashberry,7366,#486E81,blues,cool,dark
stormy night-n,9664,#31566B,blues,cool,dark
alliance,1203,#C6D7D9,blues,cool,light
sea shades,9474,#B9C8C8,greys,cool,light
blank slate,7386,#B5CED3,greys,cool,light
brazen breeze,7385,#A5C0C5,greys,cool,light
dolphin dance,7384,#94B0B8,greys,cool,medium
wedgewood,0U42,#7796A0,greys,cool,medium
dusk blue,7382,#57747D,greys,cool,dark
autumn shower,7381,#40494E,greys,cool,dark
soft blue,9210,#ABDAE9,blues,cool,light
water jet,9209,#78C6E6,blues,cool,light
electric azure-n,9665,#55BADE,blues,cool,medium
dal lake blue-n,9666,#078BBE,blues,cool,medium
mariner’s muse-n,9667,#1D739D,blues,cool,dark
blackwater-n,9668,#32567F,blues,cool,dark
new moon sky-n,9669,#3F526B,blues,cool,dark
armada,0U29,#35485A,blues,cool,dark
spring time,9211,#D4E8E9,blues,cool,light
nautilus,7411,#C4E3E6,blues,cool,light
new day,7410,#9DD6E2,blues,cool,light
paradise bay,7409,#7BCBDD,blues,cool,light
running stream,7408,#57B9D1,blues,cool,medium
azure sky,7407,#2AABC8,blues,cool,medium
citadel,7406,#0096B4,blues,cool,medium
blue dome,7405,#00637D,blues,cool,dark
suhana mausam-n,9670,#BCE4EC,blues,cool,light
ocean electric-n,9671,#49B6CA,blues,cool,medium
yacht blue-n,9672,#268AA5,blues,cool,medium
blue ripple-n,9673,#007B98,blues,cool,dark
caspian waters-n,9674,#007BA1,blues,cool,dark
iznik blue-n,9675,#307490,blues,cool,dark
night dive-n,9676,#19708C,blues,cool,dark
inky sky-n,9677,#3A657A,blues,cool,dark
varkala surf-n,9678,#8ED3E9,blues,cool,light
little andaman-n,9679,#59A8B8,blues,cool,medium
retro blue-n,9680,#0091AE,blues,cool,medium
refreshing aqua-n,9681,#0088A3,blues,cool,medium
adriatic waters-n,9682,#007D95,blues,cool,dark
blue quill-n,9683,#2A6071,blues,cool,dark
moonlight river-n,9684,#2B5971,blues,cool,dark
scholar's blue-n,9685,#3A5164,blues,cool,dark
city sky,7418,#B7D3D6,blues,cool,light
manor blue-n,0195,#A1C5CD,blues,cool,light
tropical sea,7416,#92B6BF,blues,cool,medium
steel mesh,7415,#709CA7,blues,cool,medium
coromandel coast-n,9686,#3A808F,blues,cool,dark
isle of capri,7414,#517D87,blues,cool,dark
deep sea,7413,#405D64,blues,cool,dark
pensive prussian-n,9687,#305561,blues,cool,dark
oceans whisper,7436,#CFE6E5,blues,cool,light
mint blue,7435,#BEE2E3,blues,cool,light
rhine blue,1319,#A5D9DF,blues,cool,light
pigeon blue-n,0122,#8ACEDA,blues,cool,light
blue vision,7432,#77C1CF,blues,cool,medium
patch of blue,7431,#51AEC1,blues,cool,medium
dream scapes,7430,#0990A4,blues,cool,medium
night edition,7429,#325766,blues,cool,dark
asmani-n,9688,#C0E8E7,blues,cool,light
sea surf,7442,#9EDCDF,blues,cool,light
magic blue,7441,#80D1D9,blues,cool,light
swan song,7440,#6EC6D0,blues,cool,medium
twilight sea,7439,#2DB1BE,blues,cool,medium
cape town-n,9689,#008195,blues,cool,dark
dancing peacock-n,9690,#00647A,blues,cool,dark
shadow-n,9691,#354B56,blues,cool,dark
foliage blue,7459,#C0E3DE,greens,cool,light
mauritius,7458,#A7DBDA,greens,cool,light
pleasant blue,7457,#8BCFD1,greens,cool,light
aqua shower,7456,#7DC4C6,greens,cool,medium
maritime green,7455,#53ACAF,greens,cool,medium
deep teal,7454,#2E9395,greens,cool,medium
signature teal-n,9692,#007A7D,greens,cool,dark
elm grove,7453,#196A6D,greens,cool,dark
silent cyan-n,9693,#ADE1E2,greens,cool,light
pure sky-n,9694,#94D8DA,greens,cool,light
glacial lake-n,9695,#63C4C7,greens,cool,medium
fiji fling-n,9696,#00979B,greens,cool,medium
ajrakh blue-n,9697,#008B95,greens,cool,medium
vanuatu blue-n,9698,#127E88,greens,cool,dark
hokkaido coast-n,9699,#006E76,greens,cool,dark
prussian teal-n,9700,#235F69,greens,cool,dark
cool cirrus-n,9701,#84D3D4,greens,cool,light
serene cyan-n,9702,#3BBFC2,greens,cool,medium
hawaiian blue-n,9703,#3AB4B9,greens,cool,medium
lake supreme-n,9704,#009396,greens,cool,medium
tidal waters-n,9705,#00888B,greens,cool,medium
aqua love-n,9706,#008490,greens,cool,dark
island retreat-n,9707,#00798A,greens,cool,dark
sylvan lake-n,9708,#006B7C,greens,cool,dark
sea horse,7475,#D0E4DE,greens,cool,light
sapphire ice,7474,#B0CFCC,greens,cool,light
coastal view,7473,#94C5C5,greens,cool,light
vitality,7472,#83B1B5,greens,cool,medium
crystal reef-n,9709,#6EA1A8,greens,cool,medium
prairie green,7471,#699FA3,greens,cool,medium
teal magic,7470,#487C80,greens,cool,dark
reef green,7469,#3B585C,greens,cool,dark
iced teal,7483,#C7DCD6,greens,cool,light
sparkling water,7482,#B5D1CD,greens,cool,light
teal swirl,7481,#9EC3BF,greens,cool,light
still aqua,7480,#84A8A8,greens,cool,medium
continental green,7479,#719696,greens,cool,medium
ash blue-n,9710,#729492,greens,cool,medium
malabar hills,7478,#547675,greens,cool,dark
estuarine-n,9711,#3E5B5A,greens,cool,dark
gulf of aden,7490,#BADDD6,greens,cool,light
revival green,7489,#A2D1CD,greens,cool,light
tidal wave,7488,#94C4C1,greens,cool,light
pristine bay-n,9712,#70B1B1,greens,cool,medium
still blue,7487,#65A09B,greens,cool,medium
green tropics,7486,#4B8883,greens,cool,medium
mystic mountain-n,9713,#2B6764,greens,cool,dark
thicket,7485,#2B5D5F,greens,cool,dark
subtle green,7508,#D2ECE4,greens,cool,light
baby aqua,7507,#C2E8E2,greens,cool,light
aqua fusion,7506,#A8E3DE,greens,cool,light
turquoise treat,7505,#84D9D5,greens,cool,light
ocean breeze,7504,#72CECB,greens,cool,light
teal blast,7503,#31BBB7,greens,cool,medium
emerald satin,7502,#00A8A0,greens,cool,medium
deep turquoise,7501,#006F69,greens,cool,dark
inner peace,7443,#C6E6E4,greens,cool,light
vagator surf-n,9714,#8FDACD,greens,cool,light
herbal green,9271,#40C4B0,greens,cool,medium
cyan sigh-n,9715,#3DB8A5,greens,cool,medium
deep lagoon-n,9716,#449691,greens,cool,medium
cool cove-n,9717,#00938E,greens,cool,medium
aquatica-n,9718,#007673,greens,cool,dark
ocean notion-n,9719,#375F5E,greens,cool,dark
fresh mint,7516,#D1EBE1,greens,cool,light
green icicle,7515,#C0E9E0,greens,cool,light
marine green,7514,#A8E4DB,greens,cool,light
translucent green,7513,#82D9CF,greens,cool,light
caribbean green,7512,#63CCC3,greens,cool,light
valley green,7511,#33BDB2,greens,cool,medium
bright jade,7510,#00AA9B,greens,cool,medium
emerald accent,7509,#007364,greens,cool,dark
soft hills,9266,#BEDED5,greens,cool,light
fairytale green,9281,#93DACA,greens,cool,light
havelock green-n,9720,#72CEC0,greens,cool,light
marari waters-n,9721,#00A08C,greens,cool,medium
malibu green-n,9722,#009188,greens,cool,medium
deep atlantic-n,9723,#00847D,greens,cool,dark
barnacle bay-n,9724,#00796E,greens,cool,dark
cool lagoon,7477,#335152,greens,cool,dark
valley mist,7532,#D0E8DF,greens,cool,light
blue light,7531,#C1E4DB,greens,cool,light
mint cocktail,7530,#AADCD1,greens,cool,light
sea life,7529,#9FD6CB,greens,cool,light
green meadow,7528,#83C0B9,greens,cool,medium
green haven,7527,#66AEA5,greens,cool,medium
jade impact,7526,#439186,greens,cool,medium
perennial glade,7525,#266A61,greens,cool,dark
cascade,0210,#CFE7DC,greens,cool,light
mint crush,7547,#C0E1D3,greens,cool,light
climbing fern,7546,#AFD8CB,greens,cool,light
wild mint,7545,#99CCBE,greens,cool,light
elf green,7544,#87BAAE,greens,cool,medium
jade hut,7543,#6BA699,greens,cool,medium
emerald valley,7542,#4E8576,greens,cool,medium
billiard felt-n,9725,#366F64,greens,cool,dark
cyan spark-n,9726,#52C2AF,greens,cool,medium
laccadive-n,9727,#40A79C,greens,cool,medium
opalesque-n,9728,#009883,greens,cool,medium
ocean depths-n,9729,#008471,greens,cool,dark
green rock-n,9730,#0A7369,greens,cool,dark
oceanus-n,9731,#166961,greens,cool,dark
midnight jade-n,9732,#2A6256,greens,cool,dark
emerald black-n,9733,#334A40,greens,cool,dark
kodaikanal teal-n,9734,#639F83,greens,cool,medium
blue lagoon-n,9735,#3F9F86,greens,cool,medium
putting green-n,9736,#00936B,greens,cool,medium
aquamarine pop-n,9737,#009676,greens,cool,medium
shifting tide-n,9738,#00896C,greens,cool,dark
emerald sea-n,9739,#157967,greens,cool,dark
bright teal-n,9740,#007969,greens,cool,dark
meadow path,7541,#345A52,greens,cool,dark
teal twist,7555,#C8E8D9,greens,cool,light
lotus pond,7554,#ACE3D2,greens,cool,light
snow bell,7553,#8BD7C2,greens,cool,light
light sabre,7552,#7ECBB6,greens,cool,light
ice cabbage,7551,#65BDA7,greens,cool,medium
country green,7550,#36A484,greens,cool,medium
varsity green-n,9741,#008062,greens,cool,dark
teal dusk-n,9742,#116757,greens,cool,dark
dawn of spring,7563,#D2E6D8,greens,cool,light
sea nymph,7562,#B7D9C8,greens,cool,light
lake view,7561,#A3CEBC,greens,cool,light
laguna beach,7560,#8BB8A6,greens,cool,medium
conifer,7559,#74A491,greens,cool,medium
white wine,7558,#588771,greens,cool,medium
deep jungle,7557,#3E5F55,greens,cool,dark
drones club green-n,9743,#36574A,greens,cool,dark
malhaar-n,9744,#87ACAA,greens,cool,medium
chilika lake-n,9745,#77A59B,greens,cool,medium
mallard’s crown-n,9746,#6B9488,greens,cool,medium
serenade,9286,#5C9178,greens,cool,medium
himalayan deodar-n,9747,#528269,greens,cool,medium
nori green-n,9748,#30795A,greens,cool,dark
aventurine-n,9749,#3E6D59,greens,cool,dark
duck plume-n,9750,#325142,greens,cool,dark
wispy mint-n,9751,#D2ECD0,greens,cool,light
mint moon-n,9752,#87C697,greens,cool,medium
lime life,9311,#75C48D,greens,cool,medium
lightning green-n,9753,#29A35F,greens,cool,dark
halong bay-n,9754,#33855C,greens,cool,dark
pine lake-n,9755,#2F805B,greens,cool,dark
green lantern,7549,#27755E,greens,cool,dark
barsaat-n,9756,#2F4E42,greens,cool,dark
soft touch,7571,#D3ECDE,greens,cool,light
exotic spa,9298,#B6E7CE,greens,cool,light
paddy field,7570,#B0E6D0,greens,cool,light
iced kiwi,7569,#98DFC4,greens,cool,light
maya bay-n,9757,#85D8B6,greens,cool,light
surf green,0266,#88D4B7,greens,cool,light
aquamarine,2357,#5FC19B,greens,cool,medium
jungle trail,7565,#0D8B5A,greens,cool,medium
spring green,9308,#DBEEDE,greens,cool,light
waterfall,0G23,#D3E6D6,greens,cool,light
spring meadow,7586,#C3DECC,greens,cool,light
ivy league,7585,#ADD2BC,greens,cool,light
poplar grove,7584,#98BEA8,greens,cool,medium
natural tease,7583,#77A38A,greens,cool,medium
green sprouts,7582,#668F74,greens,cool,medium
pine-n,0757,#4B6B5A,greens,cool,dark
mint frosting-n,9758,#DEF0DB,greens,cool,light
green whisper,2425,#D9E5D5,greens,cool,light
dew drop,0299,#C8DCC9,greens,cool,light
forest hike,7625,#B4D0B7,greens,cool,light
dry sage,7624,#A2BFA6,greens,cool,medium
opaline green,2463,#88A68B,greens,cool,medium
olive path,7622,#6F8D6E,greens,cool,medium
mehendi-n,2361,#5A6D52,greens,cool,dark
ice pack,7611,#D0EAD4,greens,cool,light
land's end,7610,#B5E1C5,greens,cool,light
green pastures,7609,#A4DBBA,greens,cool,light
forest canopy,7608,#97CCA7,greens,cool,light
terrace garden,7607,#77B98B,greens,cool,medium
little creek,7606,#60A16C,greens,cool,medium
pingpong green-n,9759,#418D50,greens,cool,medium
tropical grass-n,9760,#43684D,greens,cool,dark
celadon mist-n,9761,#D1F0CE,greens,cool,light
pastel parrot-n,9762,#8CC47D,greens,cool,medium
mowed lawn-n,9763,#4F8B3B,greens,cool,medium
chalkboard green-n,9764,#4A8348,greens,cool,dark
jade green,2435,#437D4C,greens,cool,dark
rainforest walk-n,9765,#337E4D,greens,cool,dark
jade shadow-n,9766,#3F6555,greens,cool,dark
midnight pine-n,9767,#33534D,greens,cool,dark
flowing green,7659,#E2EDD5,greens,cool,light
misty spring,7658,#D4E8C4,greens,cool,light
iced cucumber,7657,#C1E3B6,greens,cool,light
forest whisper,7656,#B5DCA5,greens,cool,light
amazon trail,7655,#95CC84,greens,cool,light
seasoning,7654,#7BBB63,greens,cool,dark
happy parrot-n,9768,#6BA54D,greens,cool,dark
jolly holly,7653,#519E40,greens,cool,dark
forest musk,7667,#EAEDD6,greens,cool,light
grassy path,7666,#E6ECCE,greens,cool,light
easy breezy-n,9769,#E1ECBE,greens,cool,light
crisp lettuce,7665,#D0E5B2,greens,cool,light
sage sensation,7664,#C2DD9F,greens,cool,light
aloe vera,7663,#ACD484,greens,cool,light
hidden hills,7662,#94C261,greens,cool,dark
parrot green,7661,#74AB37,greens,cool,dark
pale peppermint-n,9770,#CDECB7,greens,cool,light
fresh celery-n,9771,#BCDB95,greens,cool,light
palm meadow-n,9772,#B1D27A,greens,cool,light
matcha muffin-n,9773,#97C15B,greens,cool,dark
lush treetops-n,9774,#6BA13D,greens,cool,dark
tulsi-n,9775,#57914B,greens,cool,medium
turtle cove-n,9776,#507648,greens,cool,dark
turtle back-n,9777,#5B764C,greens,cool,dark
matchamisu-n,9778,#D3EDB9,greens,cool,light
cucumber cooler-n,9779,#D5E8AA,greens,cool,light
green elaichi-n,9780,#ABC47F,greens,cool,light
veggie patch-n,9781,#809647,greens,cool,medium
greenology-n,9782,#7B8D3C,greens,cool,medium
rocket leaf-n,9783,#558048,greens,cool,dark
nilgiri green-n,9784,#4F7047,greens,cool,dark
midnight meadow-n,9785,#4F5F3D,greens,cool,dark
green dawn-n,9786,#E6F2D0,greens,cool,light
menthol ice-n,9787,#CCE4AA,greens,cool,light
cornichon-n,9788,#7F9049,greens,cool,medium
fresh coriander-n,9789,#6F8E54,greens,cool,medium
pesto punch-n,9790,#768042,greens,cool,medium
poker table-n,9791,#5D7240,greens,cool,dark
green ebony,X157,#556B52,greens,cool,dark
withering woods-n,9792,#4C6049,greens,cool,dark
serene valley,7675,#E5ECD5,greens,cool,light
echo of spring,7674,#D6E5C2,greens,cool,light
english elms,2387,#C7DBB1,greens,cool,light
sound of nature,7672,#BCD1A1,greens,cool,light
cascade green,2370,#9EBC83,greens,cool,medium
garden cress,7670,#89A763,greens,cool,medium
easy peasy-n,9793,#779748,greens,cool,medium
gulf stream,7669,#6D8B46,greens,cool,medium
misty vale,0946,#E1E8D3,greens,cool,light
spring fields,7682,#D4E0C6,greens,cool,light
green sleeves-n,2420,#C9D7B9,greens,cool,light
river cruise,7680,#B9CAA9,greens,cool,light
lake placid,7679,#9EB38B,greens,cool,medium
batik green,7678,#809668,greens,cool,medium
dark drama,7677,#5F7549,greens,cool,dark
nocturnal woods-n,9794,#56634B,greens,cool,dark
tapestry,0972,#E3E5D1,greens,cool,light
tree of life,7691,#D7DCC4,greens,cool,light
forest foliage,7690,#CAD2B4,greens,cool,light
garden moss,7689,#B2BA9A,greens,cool,medium
majestic mountain,7688,#9FA987,greens,cool,medium
cedar lake,7687,#939973,greens,cool,medium
scenic view,7686,#838A67,greens,cool,medium
ming jade,7685,#6E734F,greens,cool,dark
lemon twist,7716,#F0EFDA,greens,warm,light
luminous,7715,#EBEBD1,greens,cool,light
peace,2467,#E8EBC7,greens,cool,light
lime squash,7713,#DCE4B3,greens,cool,light
snappy green,7712,#CCD69A,greens,cool,light
lick of lime,7711,#B8C77D,greens,cool,light
green apple,7710,#A5B75D,greens,cool,medium
chartreuse,7709,#889F3F,greens,cool,dark
new green,7724,#EBEBD6,greens,cool,light
spring breeze,7723,#E8E7CC,greens,warm,light
glimpse of spring,7722,#D9DAB5,greens,cool,light
pale moss,7721,#D1D3A9,greens,cool,light
habitat,7720,#C4C499,greens,warm,light
spring grass,7719,#ADAE7C,greens,cool,medium
spinach soul,7718,#93945D,greens,warm,medium
vivid green,7717,#86844C,greens,warm,medium
soft fern,7732,#EBEBD3,greens,cool,light
alto-n,2353,#E7E9CA,greens,cool,light
green tomato,7730,#DFE4BC,greens,cool,light
lime grove,7729,#D6DDAD,greens,cool,light
spring surprise,7728,#C7CE96,greens,cool,light
lime accent,7727,#B4BF7E,greens,cool,medium
green salad,7726,#A0AB5F,greens,cool,medium
fresh olive,7725,#819041,greens,cool,medium
lemongrass tea-n,9795,#E2EEC9,greens,cool,light
pristine green,9353,#D1E09A,greens,cool,light
subtle celery-n,9796,#CBE49B,greens,cool,light
easy green,9352,#C3D77E,greens,cool,light
green shoot-n,9797,#BCD776,greens,cool,medium
lozenge green-n,9798,#A5B332,greens,cool,dark
summer lawn-n,9799,#9DAA38,greens,cool,dark
open fields-n,9800,#728544,greens,cool,medium
gossamer green-n,9801,#EDF1D7,greens,cool,light
lime sublime-n,9802,#D3E388,greens,cool,light
mild midori-n,9803,#C0D149,greens,cool,medium
leafy lettuce-n,9804,#88993B,greens,cool,medium
wild foliage-n,9805,#7C854D,greens,cool,medium
okra green-n,9806,#697C47,greens,cool,dark
super kale-n,9807,#626E3C,greens,cool,dark
soldier green-n,9808,#666E43,greens,cool,dark
chinese cabbage-n,9809,#ECF1CC,greens,cool,light
pista lime-n,9810,#CADB8F,greens,cool,light
casaba green-n,9811,#C9DA70,greens,cool,medium
parakeet green-n,9812,#B4BB2E,greens,warm,dark
dark spinach-n,9813,#6F7D39,greens,cool,dark
tea bush-n,9814,#59663C,greens,cool,dark
montane forest-n,9815,#555D3C,greens,cool,dark
forest night-n,9816,#3F5340,greens,cool,dark
tinted pista-n,9817,#EFF3D4,greens,cool,light
guacamole zing-n,9818,#D5DC82,greens,cool,light
peas soup-n,9819,#C0D05E,greens,cool,medium
polly’s green-n,9820,#AABC37,greens,cool,dark
french bean-n,9821,#869E45,greens,cool,medium
fern garden-n,9822,#838F47,greens,cool,medium
herbalicious-n,9823,#82883A,greens,cool,medium
wimbledon green-n,9824,#60643B,greens,cool,dark
pista tinge-n,9825,#E2E6AC,greens,cool,light
avocado cooler-n,K286,#DDD98D,greens,warm,light
citrus green-n,9826,#CBD762,greens,cool,medium
draksha baug-n,9827,#C1CB48,greens,warm,medium
green fern-n,9828,#AEB134,greens,warm,dark
vine green-n,9829,#9FA43B,greens,warm,dark
spinach soup-n,9830,#90953E,greens,warm,medium
dried parsley-n,9831,#747D49,greens,cool,medium
soft focus,7748,#F1EFD7,greens,warm,light
lemon grass,7747,#EFEECE,greens,warm,light
wedge of lime,7746,#ECEAC0,greens,warm,light
cucumber salad,7745,#E7E9B3,greens,cool,light
lime delight,7744,#DFE29D,greens,cool,light
peppy lime,7743,#CFD879,greens,cool,light
burst of lime,7742,#BACC51,greens,cool,medium
banana leaf-n,9832,#A8C14F,greens,cool,dark
pleasant pistachio-n,9833,#D8E29D,greens,cool,light
gooseberry green-n,9834,#CDCF63,greens,warm,medium
neón verde-n,9835,#C8CD3B,greens,warm,medium
dried lime-n,9836,#BFBA34,greens,warm,dark
lime and lemony-n,9837,#B7B639,greens,warm,dark
wasabi pea-n,9838,#ADA643,greens,warm,medium
chlorophyll shot-n,9839,#9F973C,greens,warm,medium
martini olive-n,9840,#746E3F,greens,warm,dark
aniseed green-n,9841,#CABA70,greens,warm,light
sultry,9383,#BEB57C,greens,warm,medium
mint mayonnaise-n,9842,#A8A96A,greens,warm,medium
midday meadow-n,9843,#ACA03C,greens,warm,dark
mangrove-n,9844,#948B3A,greens,warm,medium
fresh cilantro-n,9845,#6A6E3D,greens,cool,dark
herb paste-n,9846,#626946,greens,cool,dark
grasslands-n,9847,#606040,greens,warm,dark
burst of spring,7772,#EFECD0,greens,warm,light
hushed hue,7771,#EEEBC8,greens,warm,light
springdale,7770,#E8E5B9,greens,warm,light
green glade,7769,#E6E1AF,greens,warm,light
calm fauna,7768,#D7D393,greens,warm,light
harvest season,7767,#CCC97D,greens,warm,light
organic green,7766,#B4B359,greens,warm,medium
golf greens,7765,#A09E3B,greens,warm,dark
spring sunshine,9364,#F1F0D4,greens,warm,light
nimboo splash-n,9848,#EADB75,greens,warm,medium
summer juice-n,K287,#DFD162,greens,warm,medium
spring summer-n,9849,#D0BE34,greens,warm,medium
muddy mustard-n,9850,#B9A535,greens,warm,dark
lucky leek-n,9851,#BDAD34,greens,warm,dark
moong green-n,9852,#9A893E,greens,warm,medium
moss mud-n,9853,#62593C,greens,warm,dark
green wisp,7780,#F1EDD2,greens,warm,light
lakeshore,7779,#EEE9C4,greens,warm,light
limon,7778,#EAE8BA,greens,warm,light
fresh sprout,7777,#E1DE9D,greens,warm,light
neon light,7776,#E1DD84,greens,warm,light
tech green,7775,#DDD86F,greens,warm,medium
sour grapes-n,9854,#D6D56E,greens,warm,medium
dropping leaves,9366,#C2C458,greens,warm,medium
lily pad,7788,#E7E4CF,greens,warm,light
spring frolic,7787,#DFDCC3,greens,warm,light
cliffside,7786,#CDCBAA,greens,warm,light
safari green,7785,#BBB899,greens,warm,medium
diced olive,7784,#ACA885,greens,warm,medium
henna,2430,#9F9972,greens,warm,medium
green gold,0342,#8C8861,greens,warm,medium
garland,7781,#76724E,greens,warm,dark
ivory coast,3165,#E7E2CB,greens,warm,light
venetian green,0262,#E1DBBE,greens,warm,light
sweet lime,0758,#D2CCA6,greens,warm,light
jungle cane,7793,#BEB792,greens,warm,medium
camelot,7792,#AAA17A,greens,warm,medium
retro avocado,7791,#9E9367,greens,warm,medium
bambi beige,7790,#8F855C,greens,warm,medium
autumn gold,0254,#7F764D,greens,warm,dark
white marsh,7812,#EDE7CB,greens,warm,light
touch of spring-n,3226,#E9E1BD,greens,warm,light
dry moss,7810,#DFD6A9,greens,warm,light
chinese tea,7809,#D0C38F,greens,warm,light
young green,7808,#BFB278,greens,warm,medium
sweet celery,7807,#B4A464,greens,warm,medium
greenery,7806,#A69858,greens,warm,medium
asparagus,7805,#9A8B4A,greens,warm,medium
stately garden,7827,#EFE6BF,greens,warm,light
hermit shack,7826,#ECE1B2,greens,warm,light
meadow grass,7825,#E1D69B,greens,warm,light
garden frolic,7824,#D9CB87,greens,warm,light
italian olive,7823,#D5C67C,greens,warm,light
spring beauty,7822,#C2B25D,greens,warm,medium
kitchen garden,7821,#A1953E,greens,warm,medium
bamboo green-n,9855,#807E3C,greens,warm,medium
herb butter-n,9856,#EBD981,greens,warm,light
lime burst-n,9857,#E1C432,greens,warm,medium
mossy ground-n,9858,#AA9342,greens,warm,medium
relish green-n,9859,#A38631,greens,warm,medium
gherkin green-n,9860,#937A36,greens,warm,medium
raw mango-n,9861,#84773C,greens,warm,dark
pickled olive-n,9862,#756B3B,greens,warm,dark
verde oliva-n,9863,#66623D,greens,warm,dark
cream caress,7835,#F7F0D8,yellows,warm,light
gold gleam,7834,#F9EFC8,yellows,warm,light
sunkissed,7833,#F9ECB9,yellows,warm,light
golden apple,7832,#F4E199,yellows,warm,light
lemonade,7830,#EDCD61,yellows,warm,medium
yellow moss-n,9864,#D1AC2E,greens,warm,dark
coconut palm-n,9865,#B2922D,greens,warm,dark
indian olive-n,9866,#95813A,greens,warm,medium
mild yellow,7844,#F2EDD7,yellows,warm,light
margarine,7843,#F3EACF,yellows,warm,light
yellow synergy,7842,#F1E7C5,yellows,warm,light
corn field,7841,#EDDEB1,yellows,warm,light
divine wine,7840,#DFCE99,greens,warm,light
musk melon,7839,#D2BF80,greens,warm,light
green beret,7838,#BDA65D,greens,warm,medium
salmon green,7837,#A38E41,greens,warm,medium
jasmine wisp-n,0943,#F1EAD6,greens,warm,light
cashmere-n,3119,#E9DEC1,greens,warm,light
banana cream,7850,#E2D4B3,greens,warm,light
pebble moss,7849,#D2C49F,greens,warm,light
countryside,0G15,#C3B38B,greens,warm,medium
ginger ale,7847,#B5A574,greens,warm,medium
olive oil,7846,#A39362,greens,warm,medium
green lawns,7845,#817344,greens,warm,dark
spirit island,7828,#F0E9CA,yellows,warm,light
brazen gold,7831,#F0D579,yellows,warm,light
mosambi yellow-n,9867,#F2D16F,yellows,warm,medium
lentil yellow-n,9868,#D0A61F,yellows,warm,dark
green warbler-n,9869,#BE9933,greens,warm,dark
mulligatawny-n,9870,#B2883E,yellows,warm,medium
oatmeal-n,9871,#A48039,yellows,warm,medium
olive tapenade-n,9872,#9F8048,greens,warm,medium
lemon pie,7859,#F5ECD0,off whites,warm,light
lime n' honey,7858,#F5E9C4,yellows,warm,light
yellow suds,7857,#F4E4B1,yellows,warm,light
goldilocks,7856,#ECD798,yellows,warm,light
pale cardamom-n,9873,#EAD18A,yellows,warm,light
inca ruins,7855,#E2CA7E,yellows,warm,light
sea kelp,7854,#D2B557,yellows,warm,medium
open range,7853,#BEA03E,yellows,warm,dark
sun screen,7868,#F7F2DA,off whites,warm,light
summer dew,7867,#F8F0CF,yellows,warm,light
butter scotch,7866,#F9EFC4,yellows,warm,light
wild yellow,7865,#FCECB3,yellows,warm,light
lemon burst,7864,#FEE795,yellows,warm,light
summer yellow,7863,#FEE27B,yellows,warm,medium
tangerine yellow-n,9874,#F2D15D,yellows,warm,medium
lazy daisy-n,9875,#F1C83A,yellows,warm,medium
soft honey,7876,#F7F2DE,off whites,warm,light
dollop,7875,#F8F1D5,yellows,warm,light
sunny sands,7874,#F9E9C0,yellows,warm,light
lemon sprig,7873,#FDEBB7,yellows,warm,light
saffron smile,7872,#FEE495,yellows,warm,light
happy canary-n,9876,#FEDC74,yellows,warm,medium
mid-day,7871,#FED774,yellows,warm,medium
yellow blossom-n,9877,#F5CB5A,yellows,warm,medium
soft linen,7884,#F9F0D8,off whites,warm,light
whipped cream,7883,#F9EECE,yellows,warm,light
solemn yellow,7882,#F4E0B4,yellows,warm,light
pineapple-n,0399,#F2D8A3,yellows,warm,light
honey mustard,7880,#EBCB8E,yellows,warm,light
natural tinge,7879,#DBB163,yellows,warm,medium
sun shadow,7878,#CFA452,yellows,warm,medium
ripe olive,7877,#BE9540,yellows,warm,medium
pale ivory,7892,#F3E8D1,off whites,warm,light
bamboo straw-n,9878,#E4CBA1,browns,warm,light
sands of thar-n,9879,#E2BD89,browns,warm,light
jaiphal dust-n,9880,#D4AE70,browns,warm,medium
wholegrain mustard-n,9881,#A87C46,browns,warm,medium
coffee almond-n,9882,#A8814A,browns,warm,medium
dark almond-n,9883,#86663D,browns,warm,dark
dried anjeer-n,9884,#7C5B3A,browns,warm,dark
wheat sprig,7891,#F0DFBE,browns,warm,light
sisal mat,7890,#EDD6AB,browns,warm,light
mid cream,0358,#E3C798,browns,warm,light
ginger root,7888,#D3B17A,browns,warm,medium
pine cone,7887,#C6A265,browns,warm,medium
botanica,7886,#BD9759,browns,warm,medium
gold mine,7885,#A98345,browns,warm,medium
military boots-n,9885,#7C5E39,browns,warm,dark
candle light,7900,#F7F0D7,off whites,warm,light
subtle tint,7899,#F9EECC,yellows,warm,light
autumn valley,7898,#FCEDBF,yellows,warm,light
cream custard,7897,#FDEAB5,yellows,warm,light
sunlit sand,7896,#FDD98B,yellows,warm,light
tons of sun,7895,#FAD074,yellows,warm,medium
sunny day,7894,#F9C455,yellows,warm,medium
mrig-n,K288,#CC993F,yellows,warm,dark
evening moon,7908,#F5EED7,yellows,warm,light
candle wick,7907,#F6EBCD,yellows,warm,light
eager yellow,7906,#F8E9C1,yellows,warm,light
peeping sun,7905,#FAE4AE,yellows,warm,light
morning dream,7904,#FBDA97,yellows,warm,light
maize stalk,7903,#F9CE76,yellows,warm,light
cheeky yellow,7902,#F6BE54,yellows,warm,medium
mustard wood-n,9886,#C4943B,yellows,warm,dark
moon year,7924,#F7ECD3,yellows,warm,light
liquid light,7915,#FAEFD3,yellows,warm,light
sundrenched,7914,#FCEBC0,yellows,warm,light
golden aura,7913,#FEE8B2,yellows,warm,light
yellow tulip,7912,#FEE19D,yellows,warm,light
creme anglaise-n,9887,#FEDD86,yellows,warm,light
ski valley,7911,#FED87A,yellows,warm,medium
billboard yellow-n,9888,#EDB438,yellows,warm,medium
summer sprinkle,7923,#FAEAC9,yellows,warm,light
wild honey,7922,#FEE7BC,yellows,warm,light
summer harvest,7921,#FEDDA2,yellows,warm,light
yellow metal,7920,#FED18C,yellows,warm,light
burnished sun,7919,#FEC267,yellows,warm,medium
empire yellow,7918,#F7AF43,yellows,warm,medium
bengal gram-n,9889,#EDA42E,yellows,warm,dark
jaisalmer-n,9890,#D3993C,yellows,warm,dark
shredded wheat,7931,#F6EAD2,yellows,warm,light
hearth,7930,#FAE4BC,yellows,warm,light
raffia,7929,#FBDDA9,yellows,warm,light
sun dial,7928,#F8D096,yellows,warm,light
chandan-n,9891,#F1BC70,yellows,warm,light
casablanca,7927,#EFBD74,yellows,warm,light
light ochre,7926,#E2A754,yellows,warm,dark
true ochre,7925,#D2953C,yellows,warm,dark
yellow gleam,7939,#F5E9D3,oranges,warm,light
desert sun,7938,#F8E1BE,oranges,warm,light
yellow iris,7937,#F8D6A6,oranges,warm,light
hacienda clay,7936,#EEC088,oranges,warm,light
yellow charm,7935,#E7B274,oranges,warm,light
grains of sand,7934,#D99E57,oranges,warm,medium
earthen mix,7933,#CA8C44,oranges,warm,medium
pretzels-n,K289,#A77548,oranges,warm,medium
corn cob,7947,#FAEBC9,yellows,warm,light
sunny side up,7946,#FEE7BA,yellows,warm,light
yellow scoop,7945,#FEE3A8,yellows,warm,light
sunspot,7944,#FED98F,yellows,warm,light
bright fire,7943,#FEC967,yellows,warm,medium
lily gold,7942,#FEBB39,yellows,warm,medium
sunny pumpkin-n,9892,#FEB73B,yellows,warm,medium
hobakjuk yellow-n,9893,#F29C32,yellows,warm,dark
shea butter gold-n,9894,#FED194,yellows,warm,light
jackfruit yellow-n,9895,#FECA74,yellows,warm,medium
marigold garland-n,9896,#FEBF69,yellows,warm,medium
afternoon glow-n,9897,#FAAA26,yellows,warm,dark
orange grove-n,9898,#E89125,oranges,warm,dark
mustard orange-n,9899,#CB8536,oranges,warm,dark
dusky tan-n,9900,#C27A3C,oranges,warm,medium
rustic earth-n,9901,#A2653E,oranges,warm,dark
honey dew,7956,#F8EDD5,yellows,warm,light
cream silk,7955,#FBE9C7,yellows,warm,light
dreamsicle,7954,#FCE2BB,oranges,warm,light
fairy glitter,7953,#FEDDA9,oranges,warm,light
martian sky,7952,#FECE8B,oranges,warm,light
orange spark,7951,#FEBA5E,oranges,warm,medium
orange appeal,7949,#FEA01C,oranges,warm,dark
golden slumber-n,9902,#D38B36,oranges,warm,dark
custard apple,7964,#F8EED9,oranges,warm,light
light chrome,7963,#FBEBCE,oranges,warm,light
kesar milk,7962,#FBE3BD,oranges,warm,light
peaches and cream,7961,#FED9A1,oranges,warm,light
mango shake,7960,#FEC882,oranges,warm,light
orange crush,7959,#FEB969,oranges,warm,medium
pumpkin harvest,7958,#FEA844,oranges,warm,medium
mellow melon-n,9903,#DB8E3B,oranges,warm,dark
peach melba,7971,#FAECD5,oranges,warm,light
nacho cheese,7970,#FCDEBB,oranges,warm,light
coral beach,7969,#FDD6AB,oranges,warm,light
milk toffee,7968,#F5C090,oranges,warm,light
warm glow,7967,#EFB27C,oranges,warm,light
walnut shell,7966,#DF9758,oranges,warm,medium
rich tan,7965,#C97D41,oranges,warm,medium
butterscotch nut-n,9904,#A96339,oranges,warm,dark
sand bed,7980,#F7EBD7,oranges,warm,light
apricot illusion,7979,#FAE8CE,oranges,warm,light
orange frost,7978,#FDE4C2,oranges,warm,light
mango duet,7977,#FEDBB0,oranges,warm,light
sunset cloud,7976,#FECC98,oranges,warm,light
roasted sesame,7975,#FEAF6C,oranges,warm,medium
marmalade toast-n,9905,#D37E35,oranges,warm,dark
aravalli rocks-n,9906,#AB6F44,oranges,warm,medium
marigold,7986,#FCDAB7,oranges,warm,light
fossil,7985,#FCD1A7,oranges,warm,light
sun-n-sand,7984,#F9C394,oranges,warm,light
canyon sun,7983,#EFAB77,oranges,warm,medium
mecca gold,7982,#E7975B,oranges,warm,medium
dusky saffron,7981,#D78143,oranges,warm,dark
caramel sauce-n,9907,#B96937,oranges,warm,medium
nut roast-n,9908,#965940,oranges,warm,dark
hint of peach-n,9909,#FCE2CB,oranges,warm,light
peach pie-n,9910,#FEBD8E,oranges,warm,light
pale pawpaw-n,9911,#FCAF83,oranges,warm,light
terracotta gold-n,9912,#DD9969,oranges,warm,medium
baked ochre-n,9913,#C57439,oranges,warm,dark
roasted almond-n,9914,#A8663F,oranges,warm,dark
red ant-n,9915,#895949,browns,warm,dark
lavang-n,9916,#6E4B45,browns,warm,dark
peachy glow-n,9917,#FED3A6,oranges,warm,light
posh peach-n,9918,#FEB97B,oranges,warm,light
mango mastani-n,9919,#FEAF77,oranges,warm,light
deccan earth-n,9920,#D5825C,oranges,warm,medium
orange tan-n,9921,#D36E44,oranges,warm,dark
tic tac tan-n,9922,#C86941,oranges,warm,dark
amber teak-n,9923,#AF5E3F,oranges,warm,dark
pecan pie-n,9924,#974F47,oranges,warm,dark
sandalwood skin-n,9925,#FECDA8,oranges,warm,light
ginger meringue-n,9926,#FEC294,oranges,warm,light
radiant peony-n,9927,#FDAF7E,oranges,warm,light
nutmeg sprinkle-n,9928,#B6715A,browns,warm,medium
burnished earth-n,9929,#9B634E,browns,warm,dark
muffin crust-n,9930,#8B543F,browns,warm,dark
toffee almond-n,9931,#825849,browns,warm,dark
walnut bark-n,9932,#7B594F,browns,warm,dark
peach petal-n,9933,#FED0AD,oranges,warm,light
sunshine peach-n,9934,#FECB9C,oranges,warm,light
nectarine blush-n,9935,#FEC48E,oranges,warm,light
peach bellini-n,9936,#FEBC85,oranges,warm,light
red rust-n,9937,#C76944,oranges,warm,medium
laterite brown-n,9938,#A95D4D,browns,warm,dark
brown seed-n,9939,#7A5144,browns,warm,dark
pinyon pine-n,9940,#664B43,browns,warm,dark
mehrangarh brown-n,9941,#C87949,oranges,warm,medium
roland gaross-n,9942,#C8733A,oranges,warm,dark
earthen hue-n,9943,#AD633A,oranges,warm,dark
burnt saffron-n,9944,#A8674B,oranges,warm,dark
muted auburn-n,9945,#A2583F,oranges,warm,dark
mahogany bay-n,9946,#864E43,oranges,warm,dark
rhode island red-n,9947,#7F4A46,reds,warm,dark
winery-n,9948,#754041,reds,warm,dark
simply sunset,7995,#FCE9D4,purples,warm,light
peach rose,7994,#FEE3C9,oranges,warm,light
melon sorbet,7993,#FED6B4,oranges,warm,light
sunset beach,7992,#FEBE98,oranges,warm,light
autumn pumpkin,7991,#FEA578,oranges,warm,light
vivid orange,7990,#F88E58,oranges,warm,dark
roasted orange-n,9949,#D46E3D,oranges,warm,dark
mudpie-n,9950,#835442,browns,warm,dark
pale dawn,8003,#F9E9D8,oranges,warm,light
bashful beige,8002,#FCD8BE,oranges,warm,light
peach flutter,8001,#FDCCAE,oranges,warm,light
perfect peach,8000,#F8B592,oranges,warm,light
orange silk,7999,#F0A27C,oranges,warm,medium
string of beads,7998,#E68D60,oranges,warm,medium
deep spice,7997,#CB6C42,oranges,warm,dark
simple sienna-n,9951,#B76038,oranges,warm,medium
flawless peach,8011,#F8DCC5,purples,warm,light
peach beach,8010,#F8D1B5,purples,warm,light
orange essence,8009,#F4C6A9,purples,warm,light
stoneware,8008,#EEB295,purples,warm,light
fawn dream,8007,#E19A79,purples,warm,medium
volcano,0578,#CD7B59,purples,warm,medium
earthy brown,8005,#AC644A,browns,warm,dark
rich teak-n,9952,#9A533D,browns,warm,dark
coral rocks,8019,#F7DCC6,pinks,warm,light
exotic spice,8018,#F4CCB1,pinks,warm,light
peach carnation,8017,#EFBE9F,pinks,warm,light
coral coast,8016,#DCA082,browns,warm,medium
grand canyon,8015,#CF8F71,browns,warm,medium
amber-n,5103,#B97555,browns,warm,medium
copper moon,8013,#AC6649,browns,warm,medium
derby day-n,9953,#965C4B,browns,warm,dark
ginger tan-n,9954,#A96655,browns,warm,dark
cappadocia coffee-n,9955,#A1685E,browns,warm,dark
saddle hide-n,9956,#9E5C4B,browns,warm,dark
caramello-n,9957,#94513F,browns,warm,dark
dried arecanut-n,9958,#835242,browns,warm,dark
acorn shell-n,9959,#834E42,browns,warm,dark
ripe tamarind-n,9960,#754D46,browns,warm,dark
cherry brown-n,9961,#6D4443,browns,warm,dark
rosy peach-n,9962,#FDD1BC,pinks,warm,light
sunrise ray-n,9963,#FAC9AD,pinks,warm,light
daisy peach-n,9964,#FCC3A1,pinks,warm,light
salmon sun-n,9965,#F7B093,pinks,warm,light
coral pearl-n,9966,#F5A181,pinks,warm,medium
faded salmon -n,9967,#DD9081,pinks,warm,medium
litchi skin-n,9968,#C26555,pinks,warm,medium
cherry tan-n,9969,#AF6156,pinks,warm,dark
touch of paprika,8027,#FBE7D7,pinks,warm,light
daylight,8026,#FEDDC9,pinks,warm,light
popsicle,8025,#FED1B9,pinks,warm,light
orange nectar,8024,#FDB69C,pinks,warm,light
carrot punch,8023,#F79E81,oranges,warm,medium
tropical peach,8022,#F2845F,oranges,warm,dark
saffron sun-n,9970,#D96D4D,oranges,warm,dark
russet tan-n,9971,#B8603E,oranges,warm,medium
rose bud,8035,#FBE2D6,pinks,warm,light
pink bib,8034,#FBD4C6,pinks,warm,light
pink crush,8033,#F9C5B5,pinks,warm,light
sugared peach,8032,#F3B3A5,pinks,warm,light
rosy coral,8031,#EC9D8D,pinks,warm,medium
coral cove,8030,#DC7F69,pinks,warm,medium
red earth,8029,#B9584B,pinks,warm,dark
tea rose blossom-n,9972,#AB665A,pinks,warm,dark
red fort sunset-n,9973,#B55F49,reds,warm,dark
ginger hair-n,9974,#A55A4C,reds,warm,dark
autumnal brown-n,9975,#A35444,reds,warm,dark
minaret red-n,9976,#A35C55,reds,warm,dark
cherry leather-n,9977,#925149,reds,warm,dark
viva la vino-n,9978,#90514F,reds,warm,dark
sienna cobble-n,9979,#7A4543,reds,warm,dark
fig shell-n,9980,#693E3F,reds,warm,dark
salsa,8061,#D44F45,reds,warm,dark
scarlet sun-n,9981,#C24C42,reds,warm,dark
russet rust-n,9982,#C05F54,reds,warm,medium
brick dust-n,9983,#B75E56,reds,warm,medium
rich prune-n,9984,#A25151,reds,warm,dark
burgundy brown-n,9985,#90504C,reds,warm,dark
lhasa temple-n,9986,#8D4A47,reds,warm,dark
fizzy cola-n,9987,#713F3C,reds,warm,dark
crimson flush,8051,#F9E1D9,pinks,warm,light
rosette,8050,#FDD8D0,pinks,warm,light
rose glow,8049,#FAC9C1,pinks,warm,light
pale rose,5206,#F9AFA9,pinks,warm,light
jaipur dreams,8047,#F3968F,pinks,warm,medium
coral island,8046,#ED7E71,pinks,warm,medium
rich maple-n,9988,#CB6755,pinks,warm,medium
ladakh rock-n,9989,#9A544C,browns,warm,dark
macaroon pink-n,9990,#E6AB9B,pinks,warm,medium
aboli-n,9991,#F4A094,pinks,warm,medium
guava pink-n,9992,#EE8486,pinks,warm,medium
coral blush-n,9993,#D06166,pinks,warm,medium
moroccan rose-n,9994,#B45259,pinks,warm,dark
bordeaux burgundy-n,9995,#9B4951,reds,warm,dark
deep rosewood-n,9996,#8E5054,reds,warm,dark
maroon mood-n,9997,#703E41,reds,warm,dark
pink flamingo,8059,#F7DDD8,pinks,cool,light
nursery pink,8058,#FACDCA,pinks,cool,light
ruddy pink,8057,#F9C5C4,pinks,cool,light
pink linen,8056,#F3B2AF,pinks,cool,light
rose mist,8055,#EA9897,pinks,warm,medium
raspberry souffle,8054,#E0817C,pinks,warm,medium
ginger pop,8053,#C65C51,pinks,warm,medium
red roof-n,9998,#B04844,reds,warm,dark
first crush,8067,#F9DDD8,pinks,cool,light
tinge of pink,8066,#FBD8D3,pinks,cool,light
spring rose,8065,#FDC7C5,pinks,cool,light
tinker bell,8064,#FAADAB,pinks,cool,light
pink candy,8063,#F29495,pinks,cool,medium
satin pink,8062,#EB7A77,pinks,warm,medium
jolokia red-n,9999,#D15C5D,pinks,warm,dark
ketchup red-n,K001,#AA4D4F,reds,warm,dark
summer pink,8083,#F7D4D2,purples,cool,light
rose debut,8082,#F6C1C4,purples,cool,light
desert bloom,8081,#F0B5B6,purples,cool,light
pink carnation,8080,#E5A3A5,purples,cool,medium
pink accent,8079,#D58488,purples,warm,medium
may fair,8078,#C66C6D,purples,warm,medium
geranium,0509,#B1554F,reds,warm,dark
burgundy rosso-n,K002,#AC5655,reds,warm,dark
pearly pink,9412,#F6EBE5,pinks,cool,light
strawberry whip,9411,#F7DEDB,pinks,cool,light
pink juice,9410,#F6C7C8,pinks,cool,light
pink essence,9409,#F3B7B9,pinks,cool,light
early bloom,9408,#E59BA0,pinks,cool,medium
fruit pink,9407,#DB878D,pinks,cool,medium
rose meadows,9406,#C7686A,pinks,warm,medium
rich tomato,9405,#AC4F49,reds,warm,dark
day dream,8091,#F8D9DB,pinks,cool,light
garden pink,8090,#FBCFD5,pinks,cool,light
ballet slippers,8089,#F6B9C2,pinks,cool,light
rose bouquet,8088,#F3ABB7,pinks,cool,light
wild pink,8087,#E891A0,pinks,cool,medium
young wine,8086,#DA727F,pinks,cool,medium
cherry crush-n,K003,#AF494F,reds,warm,dark
heady wine-n,K004,#A5464D,reds,warm,dark
pink dollop,8098,#FAD5DB,pinks,cool,light
pink chenille,8097,#F9C4D0,pinks,cool,light
climbing rose,8096,#F7B4C3,pinks,cool,light
azalea,8095,#EE91A8,pinks,cool,medium
watermelon sorbet-n,K005,#DD7B8D,pinks,cool,medium
crimson cranberry-n,K006,#B04C5B,pinks,cool,dark
magenta rush-n,K007,#9A4958,pinks,cool,dark
fine wine,8109,#81454F,reds,cool,dark
tinge of mauve,8107,#EED4D4,pinks,cool,light
daisy bunch,8106,#E5BEC0,pinks,cool,light
in vogue,8105,#D4AAAF,pinks,cool,medium
vintage rose,8104,#C59497,pinks,cool,medium
mauve medley,8103,#AF7779,pinks,warm,medium
bottled grape,8102,#A2696A,pinks,warm,medium
milan red,8101,#7F4C4F,pinks,warm,dark
gulkand-n,K008,#7C4141,pinks,warm,dark
graceful pink,8115,#F4D8D8,pinks,cool,light
merrie pink,0418,#EAC2C7,pinks,cool,light
bed of roses,8113,#DDABB4,pinks,cool,medium
wild rose,8112,#C98E9A,pinks,cool,medium
bougainvillea pink-n,K009,#C7898F,pinks,cool,medium
rose water,8111,#C18089,pinks,cool,medium
wild berry,8110,#B16E76,pinks,cool,medium
bold bordeaux-n,K010,#7A444B,pinks,cool,dark
pink plume,0P13,#F1D1D5,pinks,cool,light
peach blossom,8122,#EDC4CB,pinks,cool,light
party pink,8121,#E9B6BF,pinks,cool,light
rose lace,8120,#DA9FAA,pinks,cool,medium
petal pink,8119,#D08E9A,pinks,cool,medium
fox glove pink,5155,#B76670,reds,cool,medium
velvet dream,8117,#983F49,reds,warm,dark
burnt burgundy-n,K011,#924651,pinks,cool,dark
pink wink-n,K012,#E9CCD0,pinks,cool,light
pink fog-n,K013,#F2C4CE,pinks,cool,light
petal dew-n,K014,#E9AABC,pinks,cool,light
periwinkle pink-n,K015,#E592A4,pinks,cool,medium
mediterranean pink-n,K016,#CA8A9D,pinks,cool,medium
mulberry blush-n,K017,#A86571,pinks,cool,medium
shiraz-n,K018,#9F5A71,pinks,cool,dark
wild prune,8125,#953E4A,reds,warm,dark
first dawn,8131,#F4DEE3,pinks,cool,light
rose rhapsody,8130,#F2D2DD,pinks,cool,light
maiden pink,8129,#F0BED2,pinks,cool,light
touch of rouge,8128,#EBAEC7,pinks,cool,light
rich desire,8127,#E191B2,pinks,cool,medium
dragonfruit pink-n,K019,#C9638A,pinks,cool,medium
fuchsia fever-n,K020,#B15675,pinks,cool,dark
merlot rose-n,K021,#84485C,pinks,cool,dark
pink tinge-n,K022,#EFD7DA,pinks,cool,light
pink eternity,8139,#F4DCE1,pinks,cool,light
baby blush,8138,#F2CFD9,pinks,cool,light
pixie dust,8137,#EFBFCF,pinks,cool,light
quiet hush,8136,#DDAEC2,pinks,cool,light
valentine,8135,#D195AF,pinks,cool,medium
damask rose,8134,#B2708E,pinks,cool,medium
berry brunch,8133,#8E3F4F,pinks,warm,dark
satin rose-n,K023,#F2DFE1,pinks,cool,light
magical camelia-n,K024,#D6BCC1,purples,cool,light
mod mauve-n,K025,#B0878F,purples,warm,medium
chocolate mauve-n,K026,#9B767D,purples,warm,medium
violet vignette-n,K027,#8D626D,purples,warm,dark
rosy ruby-n,K028,#76484D,purples,warm,dark
grape jam-n,K029,#674146,purples,warm,dark
grenache noir-n,K030,#5E424B,purples,warm,dark
natural blush-n,K031,#F1D2D8,pinks,cool,light
barbie pink-n,K032,#D7B0B7,pinks,cool,medium
delicate pansy-n,K033,#C6A9AF,purples,cool,medium
sandstone rouge-n,K034,#BE8D9D,pinks,cool,medium
amaranthus-n,K035,#AB8995,purples,cool,medium
calluna blossom-n,K036,#A38290,purples,cool,medium
purple suede-n,K037,#75666F,purples,cool,dark
purple night sky-n,K038,#685D64,purples,cool,dark
spectre of pink,8147,#EFDADF,pinks,cool,light
princess spell,8146,#EACDD8,pinks,cool,light
rose window,8145,#E8C2D4,pinks,cool,light
mauve halo,8144,#D5AAC2,pinks,cool,medium
pomegranate,8143,#BD86A2,pinks,cool,medium
electric pink,8142,#B17693,pinks,cool,medium
passion fruit,8141,#814965,pinks,warm,dark
startling purple-n,K039,#5F4355,purples,warm,dark
spring petals,8171,#ECD8E3,pinks,cool,light
pink hush,9106,#E9CDDC,pinks,cool,light
autumn rose,8170,#E8C8DC,pinks,cool,light
pink parasol,8169,#E3BEDA,pinks,cool,light
french rose,8168,#D2A9CD,pinks,cool,medium
muted scarlet,8167,#C698C0,pinks,cool,medium
violet scream,8166,#AF76A5,pinks,warm,medium
marwar magenta-n,K040,#894C79,pinks,warm,dark
muskaan-n,K041,#E0D8D1,purples,cool,light
puoi pink-n,K042,#D0BFC4,purples,cool,light
garden glow,9431,#B99AAB,purples,cool,medium
fading phlox-n,K043,#9A7C9A,purples,warm,medium
fresh orchid,9111,#917A95,purples,cool,medium
velvet plum,9110,#86718B,purples,cool,medium
violet vibe-n,K044,#615669,purples,cool,dark
violet moon-n,K045,#50465E,purples,cool,dark
cool camellia-n,K046,#D9CDCD,purples,cool,light
quiet sky,9451,#DEC8CE,purples,cool,light
delicate feather-n,K047,#D8C6C9,purples,cool,light
clematis pink-n,K048,#C3B3BE,purples,cool,medium
blooming lavender-n,K049,#AD96A2,purples,warm,medium
heather blush-n,K050,#998292,purples,warm,medium
lavender love-n,K051,#95828E,purples,warm,medium
blackberry coulis-n,K052,#715569,purples,warm,dark
sassy violet,8203,#E5D5D9,purples,cool,light
lavender dew,0941,#E9DFD9,off whites,cool,light
pink musing,8202,#D1BDC8,purples,cool,light
purple aura,8201,#BCACB9,purples,warm,medium
plum cake,8200,#A08EA0,purples,warm,medium
admiration,8199,#917C8D,purples,warm,medium
orchard plum,8198,#866D7F,purples,warm,dark
escapade,7141,#504954,purples,cool,dark
currant creme-n,K053,#C0B7B8,purples,warm,medium
smoked mauve-n,K054,#BDBABC,purples,warm,medium
light lavendula-n,K055,#B6ABAE,purples,warm,medium
arctic mauve-n,K056,#A89FA5,purples,warm,medium
mauve meditation-n,K057,#958B94,purples,warm,medium
black currant-n,K058,#80717E,purples,warm,dark
purple diva-n,K059,#695865,purples,warm,dark
thai purple-n,K290,#594851,purples,warm,dark
desaturated pink-n,K060,#B69EA9,purples,cool,medium
misty mauve-n,K061,#AE9CA3,purples,warm,medium
light thistle-n,K062,#886A7A,purples,warm,dark
muted purple-n,K063,#896778,purples,warm,dark
viola indica-n,K064,#806177,purples,warm,dark
opaque amethyst -n,K065,#7E6776,purples,warm,dark
dark raisin-n,K066,#96626B,purples,warm,dark
velvet stone-n,K067,#684A57,purples,warm,dark
smog-n,K068,#918682,greys,cool,medium
horseshoe-n,K069,#887E79,greys,cool,medium
milky mauve-n,K070,#847982,purples,cool,medium
ash mauve-n,K071,#837A7E,purples,cool,medium
ash bark-n,K072,#716762,greys,warm,dark
plum pudding-n,K291,#70525B,purples,warm,dark
almond burgundy-n,K292,#675158,purples,warm,dark
dark ganache-n,K073,#5C5152,purples,warm,dark
oriental hush-n,0747,#E4D9D9,purples,cool,light
lilac dash,8210,#D3C4C8,purples,cool,light
shell purple,8209,#BEB3BA,purples,cool,medium
noble purple,8208,#A1969F,purples,cool,medium
evening pansy,8207,#92858D,purples,cool,medium
cardinal,8206,#80737B,purples,cool,dark
jamuni-n,K074,#624D5A,purples,warm,dark
majestic purple,8205,#594A56,purples,warm,dark
dhund-n,K075,#B6B1AF,greys,cool,medium
mauve fog-n,K076,#A1989A,purples,cool,medium
planet grey-n,K077,#969195,purples,cool,medium
galactic grey-n,K078,#898789,greys,cool,medium
lunar tune-n,K079,#7E787B,greys,cool,medium
brushed metal-n,K080,#767477,greys,cool,dark
dark pebble-n,K081,#6B686A,greys,cool,dark
hot ganache-n,K082,#4A4848,greys,cool,dark
grape delight,8220,#E9E3DD,purples,cool,light
lavender hush,8219,#DDD4D2,purples,cool,light
lilac elegance,8218,#D0C7C6,purples,cool,light
sensuous lilac,8217,#BBB3B7,purples,cool,medium
royal crest,8216,#ABA3A7,purples,cool,medium
lavender rose,8215,#92898C,purples,cool,medium
plum island,8214,#7D7376,purples,cool,dark
rich berry,8213,#4C4448,purples,cool,dark
iced silver,8236,#E7E4DF,greys,cool,light
silica dream,8235,#D7D3D0,greys,cool,light
fleecy coat,8234,#B8B4B5,greys,cool,medium
pigeon grey,8233,#A1A0A4,greys,cool,medium
elegant grey,8232,#86878B,greys,cool,medium
muted grey,8231,#737072,greys,cool,dark
bentonite,8230,#625F62,greys,cool,dark
burnt malt,8229,#4D4847,greys,cool,dark
autumn day,8252,#DADBD9,greys,cool,light
october sky,8251,#D1D0D0,greys,cool,light
armour-n,0686,#B8BABD,greys,cool,medium
pilgrim,6129,#A0A6AB,greys,cool,medium
moon crater,8248,#7F858E,greys,cool,medium
whale cove,8247,#6F747B,greys,cool,dark
deep mine,8246,#5F646A,greys,cool,dark
tar road,8245,#47484B,greys,cool,dark
globe thistle-n,K083,#CFDCEA,purples,cool,light
periwinkle tinge-n,K084,#C2D1E4,purples,cool,light
koala grey-n,K085,#A8ACB2,greys,cool,medium
corporate grey-n,K086,#9D9A9E,greys,cool,medium
stork grey-n,K087,#8A9197,greys,cool,medium
quarry dust-n,K088,#7D848C,greys,cool,medium
grey jay-n,K089,#817C7A,greys,cool,medium
pure espresso-n,K090,#5E5958,greys,cool,dark
lovely lavender,9468,#DBD9D8,greys,cool,light
frozen zanskar-n,K091,#DCDCDD,greys,cool,light
winter moon,8258,#C7CACB,greys,cool,light
smoke-n,0616,#AAB1B5,greys,cool,medium
electricity,8256,#949DA4,greys,cool,medium
stone path,8255,#6F767D,greys,cool,dark
silent night,8254,#5D646A,greys,cool,dark
raven song,8253,#40403F,greys,cool,dark
silver sleek-n,K092,#C1C6C4,greys,cool,light
sensibility,8267,#BFCACC,greys,cool,light
bali blue,8266,#9FB2BA,greys,cool,medium
brook view,8265,#8E9DA5,greys,cool,medium
voltage,8264,#778790,greys,cool,medium
granite,0630,#68747B,greys,cool,dark
blue lake,8262,#5E696F,greys,cool,dark
thunder cloud,8261,#535456,greys,cool,dark
silver moon-n,K093,#B6BAB6,greys,cool,light
pearl grey-n,K094,#B5BBBB,greys,cool,light
terra luna-n,K095,#798C91,blues,cool,medium
cold steel-n,K096,#63747A,greys,cool,dark
matt onyx-n,K293,#536166,greys,cool,dark
mineral ore-n,K097,#565B5A,greys,cool,dark
black sand-n,K294,#474C51,greys,cool,dark
teal black-n,K098,#344845,greens,cool,dark
tear drop,9244,#EAEEE7,off whites,cool,light
soft whisper,9476,#E6E9E0,off whites,cool,light
shining blue,9475,#D0DAD6,off whites,cool,light
sliver spring,9473,#A3B8B9,blues,cool,medium
sky dark,9472,#879BA0,blues,cool,medium
blazing blue,9471,#6F848A,blues,cool,medium
sea pebbles,9470,#54666B,blues,cool,dark
black sea,9469,#434B4E,blues,cool,dark
clear sky,8275,#CDD8D9,greys,cool,light
water's edge,8274,#B4C6CC,greys,cool,light
grand bay,8273,#9FB5BE,greys,cool,medium
blue horizon,8272,#8DA3AE,greys,cool,medium
smoke grey,6134,#708693,greys,cool,medium
ink grey,8270,#546671,greys,cool,dark
carbon flint,8269,#434B51,greys,cool,dark
starless night-n,K099,#36444D,greys,cool,dark
sky tint-n,K100,#D5D7D7,greys,cool,light
tiara,0978,#CFD0CD,greys,cool,light
steel,6142,#BBBEBC,greys,cool,light
cold flint,8289,#9FA5A7,greys,cool,medium
stone age,8288,#838A8B,greys,cool,medium
dusk cloud,8287,#6A6F6F,greys,cool,dark
charcoal shadow,8286,#5E6363,greys,cool,dark
mineshaft,8285,#484A48,greys,cool,dark
quiet dawn-n,K101,#D4D1C7,greys,cool,light
ice age,8299,#D7D3CD,greys,cool,light
silver trinket,8298,#C8C6C1,greys,cool,light
platinum disc,8297,#B7B5B0,greys,cool,medium
metallic grey,8296,#A0A19F,greys,cool,medium
sleigh bells,8295,#868685,greys,cool,medium
dark shadow,8294,#666562,greys,cool,dark
carbon copy,8293,#4C4844,greys,cool,dark
misty moon-n,K102,#BCBFB6,greys,cool,light
grey day-n,K103,#A4A6A3,greys,cool,medium
silver veil-n,K104,#8E928F,greys,cool,medium
nicobar pigeon-n,K105,#818987,greys,cool,medium
weathered rock-n,K106,#7C8081,greys,cool,medium
grey hare-n,K295,#737A7F,greys,cool,medium
dark concrete-n,K107,#737678,greys,cool,dark
pencil sketch-n,K296,#575D62,greys,cool,dark
whispering smoke,8308,#D6D5CF,greys,cool,light
quicksilver,8307,#C7C7C2,greys,cool,light
silver grey,0615,#B8B9B4,greys,cool,medium
steel grey,0643,#A0A3A2,greys,cool,medium
grey matter,8304,#838584,greys,cool,medium
shadow dance,8303,#717270,greys,cool,dark
solemn grey,8302,#636563,greys,cool,dark
coal mine,8301,#50504D,greys,cool,dark
rose silver-n,K108,#CAC9CD,greys,cool,light
dove plume-n,K109,#9C9D9E,greys,cool,medium
menhir-n,K297,#868580,greys,cool,medium
rugged rock-n,K110,#75736E,greys,cool,dark
elephanta-n,K111,#747270,greys,cool,dark
brushed steel-n,K112,#676665,greys,cool,dark
koala streak-n,K113,#636262,greys,cool,dark
silt brown-n,K114,#605653,greys,cool,dark
milky coffee-n,K115,#C9C3BB,greys,cool,light
stainless steel-n,K116,#94908F,greys,cool,medium
dark thunder-n,K117,#767271,greys,cool,dark
dolphin grey-n,K118,#797470,greys,cool,dark
ash brown-n,K119,#66645D,greys,cool,dark
rhino hide-n,K120,#5E5D57,greys,cool,dark
moss land,8469,#5B544A,greys,cool,dark
preserved olive-n,K121,#554B40,greys,cool,dark
seagull bay-n,K122,#B3B3AF,greys,cool,medium
blizzard grey-n,K123,#A09E98,greys,cool,medium
heavy cloud-n,K124,#9A9A90,greys,cool,medium
gathering storm-n,K125,#868B86,greys,cool,medium
stormy grey-n,K126,#7E807B,greys,cool,medium
graphite grey-n,K127,#6A6E6B,greys,cool,dark
concrete jungle-n,K128,#575A58,greys,cool,dark
charcoal chalk-n,K129,#4F5450,greys,cool,dark
badal-n,K130,#C6C7C0,greys,cool,light
rhinestone,0740,#BCC1BC,greys,cool,light
winter sky,8314,#B1B8B4,greys,cool,medium
raw steel,8313,#9AA2A2,greys,cool,medium
gothic grey,8312,#808989,greys,cool,medium
roman stone,8311,#6F7674,greys,cool,dark
iron ore,8310,#616866,greys,cool,dark
antimony,8309,#4C4F4C,greys,cool,dark
grey flannel,8331,#C5C5BC,greys,cool,light
nimbus shower,8330,#B8B9AF,greys,cool,medium
monsoon mist-n,K131,#AFAEA3,greys,cool,medium
diamond blade,8329,#9CA09A,greys,cool,medium
oxford grey,8328,#878A84,greys,cool,medium
burnished grey,8327,#74766F,greys,cool,dark
moor lands,8326,#686963,greys,cool,dark
eclipse,8325,#56554E,greys,cool,dark
december frost,0956,#D5DAD3,greys,cool,light
ocean cruise,8339,#C5CEC9,greys,cool,light
ash grey,0603,#BAC4BF,greys,cool,light
aluminium,8337,#9FABAA,greys,cool,medium
dark water,8336,#869394,greys,cool,medium
flipper,8335,#727E7D,greys,cool,medium
moonless sky,8334,#64706F,greys,cool,dark
black moss-n,K298,#405053,greens,cool,dark
misty harbour,8346,#C2D1CB,greens,cool,light
sea dreams,8345,#B0C3BD,greens,cool,light
mystic lake,8344,#9EB1AF,greens,cool,medium
steel gleam,8343,#819796,greens,cool,medium
fisherman's wharf,8342,#617571,greens,cool,dark
seaweed salad-n,K132,#4D5F5B,greens,cool,dark
cape royal,8341,#3C5050,greens,cool,dark
shimla valleys-n,K133,#3C4948,greens,cool,dark
peppermint air-n,K134,#A9B2AA,greens,cool,medium
waterstone grey-n,K135,#909E93,greens,cool,medium
silver sage-n,K136,#7F8B81,greens,cool,medium
basilico-n,K137,#637165,greens,cool,dark
grey river-n,K138,#5D685F,greens,cool,dark
faraway hill-n,K139,#58635B,greens,cool,dark
green trinket-n,K140,#5B6A64,greens,cool,dark
midnight oil,8333,#484C4C,greens,cool,dark
meditation-n,K141,#A9B7A8,greens,cool,medium
wise sage-n,K142,#99A796,greens,cool,medium
dried marjoram-n,K143,#949E8E,greens,cool,medium
stony brook-n,K144,#849186,greens,cool,medium
foggy valley-n,K145,#788073,greens,cool,medium
sage grey-n,K146,#606A5C,greens,cool,dark
cave grey-n,K147,#60655B,greens,cool,dark
old mountain-n,K148,#585D55,greens,cool,dark
spring bud,9332,#E2EDDC,greens,cool,light
silver crescent,0973,#D3D8CE,greens,cool,light
rain mist,8370,#BBC5B9,greens,cool,light
hurricane,8369,#A2ACA3,greens,cool,medium
light grey,6118,#8B958C,greens,cool,medium
green shadow,8367,#7A8479,greens,cool,medium
dark cloud,8366,#677167,greens,cool,dark
abyss,8365,#52574E,greens,cool,dark
italian sage-n,K149,#8F9A81,greens,cool,medium
bayleaf green-n,K150,#889C7B,greens,cool,medium
darjeeling green-n,K151,#728D6D,greens,cool,medium
coriander green-n,K152,#636E4F,greens,cool,dark
banyan grove,8413,#6A6C50,greens,cool,dark
pudina green-n,K153,#6C6E46,greens,cool,dark
sahyadri green-n,K154,#585C3E,greens,cool,dark
planter’s trail-n,K155,#4B4E40,greens,cool,dark
mountain stream,8387,#D0D9C7,greens,cool,light
pepper leaf,8386,#BBC8B2,greens,cool,light
pista cream-n,K156,#A9C0AB,greens,cool,light
dense woods,8385,#A8B5A0,greens,cool,medium
green silence,8384,#96A28D,greens,cool,medium
misty hills,8383,#818D75,greens,cool,medium
spring delight,8382,#728068,greens,cool,medium
garden party,8381,#5C644E,greens,cool,dark
windswept,8395,#CDD1C4,greens,cool,light
grazing land,8394,#BCC1B2,greens,cool,light
hidden ravine,8393,#A3A99C,greens,cool,medium
rucksack green,8392,#878D80,greens,cool,medium
green valley,8391,#7B8071,greens,cool,medium
hillside green,8390,#6D7264,greens,cool,dark
enchanted forest,8389,#5A5C4F,greens,cool,dark
green patina-n,K299,#53554D,greens,cool,dark
pista glimmer,8403,#CECEBE,greens,cool,light
fernwood,8402,#C1C1AF,greens,cool,light
song of nature,8401,#ACAE9D,greens,cool,medium
pineview,8400,#989B8A,greens,cool,medium
mist flower,8399,#8E9080,greens,cool,medium
spring's eve,8398,#717362,greens,cool,dark
tanned green,8397,#616151,greens,cool,dark
plantation hues-n,K157,#545243,greens,warm,dark
mystical mist,8411,#DBDDCA,greens,cool,light
quiet hour,8410,#C4C8B0,greens,cool,light
ethereal sage-n,K158,#B5BCA5,greens,cool,medium
dream weaver,8409,#B1B5A1,greens,cool,medium
woodlands,8408,#A0A58E,greens,cool,medium
cool water,8407,#8A8D75,greens,cool,medium
green dusk,8406,#7A7D66,greens,cool,medium
bamboo grove,8405,#64644F,greens,cool,dark
celadon,0W50,#DEE0CD,greens,cool,light
minty ale,8419,#D1D5BD,greens,cool,light
forest,8418,#C5CBB1,greens,cool,light
herb bouquet,8417,#AFB69C,greens,cool,medium
moody green,8416,#929A80,greens,cool,medium
herbal spa,8415,#868D6F,greens,cool,medium
mossy bark,8414,#7A8164,greens,cool,medium
baby olive-n,K159,#6C735D,greens,cool,dark
crusade-n,0684,#DAD5C7,greys,cool,light
stone steps,8426,#C4C0B0,greys,cool,light
marble quarry,8425,#ACAB9D,greys,cool,medium
rock wall,8424,#99988A,greys,cool,medium
grey cloud,8423,#8E8E80,greys,cool,medium
smoked green,8422,#726F61,greys,cool,dark
tea leaf,8421,#625E50,greys,cool,dark
brigade green-n,K160,#5A5343,greys,cool,dark
grey tint,8435,#D6D0C5,browns,cool,light
nickel grey,6126,#C1BBAE,browns,cool,light
smoky mountain,8433,#A7A59C,browns,cool,medium
garden bench,8432,#8D8980,browns,cool,medium
nagaon beach-n,K161,#837F75,browns,cool,medium
rolling stone,8431,#7B766B,browns,cool,dark
stoic grey,8430,#746E64,browns,cool,dark
bravo,8429,#565147,browns,cool,dark
silver mine,8443,#DED6C9,browns,cool,light
weathered white,8442,#D2C9BB,browns,cool,light
chapel grey,8441,#B0A89D,browns,cool,medium
river silt,8440,#958F87,browns,cool,medium
wrought iron,8439,#857C72,browns,cool,medium
mud carnival-n,K162,#706C64,browns,cool,dark
grey blast,8438,#746C62,browns,cool,dark
burnt metal,8437,#64594D,browns,cool,dark
raw cotton,8459,#DED5C6,browns,cool,light
creamy crust,9514,#D1C6B5,browns,cool,light
silk route,0N13,#CCBEAD,browns,cool,light
sands of time,4202,#C8B8A6,browns,cool,light
butter rum,8456,#B0A494,browns,cool,medium
tropical tan,8455,#998C7C,browns,cool,medium
dull birch,8454,#7D6E5D,browns,cool,dark
mocha mousse,8453,#695B4B,browns,cool,dark
desert palm,8467,#D6CCBD,browns,cool,light
twinkling star,8466,#C7BDAD,browns,cool,light
desert beige,8465,#B2AA9D,browns,cool,medium
brown points,9513,#ABA195,browns,cool,medium
antartica,8464,#988F81,browns,cool,medium
rock canyon,8463,#867C6D,browns,cool,medium
riverbed sand,8462,#766D5E,browns,cool,dark
stone creek,8461,#685E50,browns,cool,dark
snow fall,8475,#DDD4CA,browns,cool,light
pisces,8474,#D0C7BC,browns,cool,light
oyster grey,8473,#C5BCB0,browns,cool,light
neutral ground-n,K163,#B9B4A8,browns,cool,medium
wild mushroom,8472,#A8A097,browns,cool,medium
digital grey,8471,#867D72,browns,cool,medium
barn owl-n,K300,#837A6E,browns,cool,medium
igneous rock,8470,#776E63,browns,cool,dark
grey buck,8482,#D5CDB6,greens,cool,light
river sand,9522,#D2C5A9,greens,warm,light
beach house,8481,#CBC1A9,greens,warm,light
beach comber,8480,#A49C86,greens,warm,medium
turtle shell,8479,#938970,greens,warm,medium
bay leaf,8478,#867C63,greens,warm,medium
willow song,8477,#786A4E,greens,warm,dark
marshland-n,K164,#5F523E,greens,warm,dark
meadow lark,8499,#E7DDCC,browns,warm,light
basra pearl-n,0974,#E2D6C2,browns,warm,light
warmstone,0N02,#C6B9A6,browns,warm,light
burnt yellowstone-n,4120,#AEA08C,browns,warm,medium
highland grass,8495,#A19077,browns,warm,medium
african plain,8494,#928269,browns,warm,medium
olive grove,8493,#655745,browns,warm,dark
camouflage brown-n,K165,#59493F,browns,warm,dark
wolf lichen-n,K166,#8F743C,greens,warm,medium
cherrapunji green-n,K167,#877038,greens,warm,dark
brined olive-n,K168,#7B683B,greens,warm,dark
marsh green-n,K169,#7D6639,greens,warm,dark
long live olive-n,K170,#72603B,greens,warm,dark
seaweed brown-n,K171,#726448,greens,warm,dark
greenathon-n,K172,#6F644A,greens,warm,dark
olive lake-n,K173,#595041,greens,warm,dark
ragi brown-n,K174,#9D7B42,greens,warm,medium
multani mitti-n,K175,#907851,greens,warm,medium
brown mustard-n,K176,#816945,greens,warm,dark
colonel’s orders-n,K177,#716046,greens,warm,dark
olive hill-n,K178,#6A5E47,greens,warm,dark
pepper verde-n,K179,#6D614C,greens,warm,dark
alleppey waters-n,K180,#665E4A,greens,warm,dark
summer grove-n,K181,#635947,greens,warm,dark
touch of beige,8508,#F1E6D2,off whites,warm,light
moon beam,0949,#EFE0C7,off whites,warm,light
dusty trail,8506,#E1CBA7,browns,warm,light
beige accent,8505,#D1BA96,browns,warm,light
wood fence,8504,#BEA57E,browns,warm,medium
barefoot beach,8503,#B2966A,browns,warm,medium
bottled olives,8502,#A6895E,greens,warm,medium
pampas,8501,#91764B,greens,warm,medium
daybreak,0942,#F0E6D2,off whites,warm,light
pine nut,3196,#EBDEC7,browns,warm,light
sweet corn,4214,#E0CDAE,browns,warm,light
tropics,8513,#D1BB9C,browns,warm,light
almond sand,8512,#BCA381,browns,warm,medium
soft moccasin,8511,#B39871,browns,warm,medium
svelte leather,8510,#A18660,browns,warm,medium
cozy cabin,8509,#856C4B,browns,warm,dark
garlic pod,8524,#F3E5CC,browns,warm,light
magnolia,0387,#F1DBBD,browns,warm,light
ivory,0315,#EACDA7,browns,warm,light
buttercup-n,0336,#DEBC97,browns,warm,light
balsam brown,8520,#CBA479,browns,warm,medium
sunderbans,8519,#BC9161,browns,warm,medium
golden prairie,8518,#B38859,browns,warm,medium
gold standard,8517,#9C744A,browns,warm,medium
easter lily,8532,#EFE0CB,off whites,warm,light
bonewhite,0964,#EAD8BE,browns,warm,light
valley flower,8530,#E3CCAE,browns,warm,light
swiss coffee,4215,#D4BA9D,browns,warm,light
bush land,8528,#BFA080,browns,warm,medium
antelope,8527,#B49370,browns,warm,medium
mexican hills,8526,#A48462,browns,warm,medium
royal crown,8525,#91704F,browns,warm,dark
deerskin-n,K182,#A27F5E,browns,warm,medium
loris brown-n,K183,#A3835D,browns,warm,medium
brass olive-n,K184,#8B7052,browns,warm,dark
tadoba grass-n,K185,#7D6449,browns,warm,dark
dark fawn-n,K186,#765E46,browns,warm,dark
autumn twig-n,K187,#795E42,browns,warm,dark
herbal tonic-n,K188,#6F5B46,browns,warm,dark
ranthambore creek-n,K189,#5D4F42,browns,warm,dark
old lace,0950,#EFDFCB,off whites,warm,light
river reed,8539,#E8D3BA,browns,warm,light
fennel seed,8538,#E1C5A9,browns,warm,light
milk chocolate,8537,#D1B296,browns,warm,medium
barren oak,8536,#BB9C7F,browns,warm,medium
brown tan,8535,#AF8C6B,browns,warm,medium
caramel custard,8534,#A27B5B,browns,warm,medium
honeycomb,8533,#916D4C,browns,warm,dark
coral treasure,0975,#EBDCCD,browns,warm,light
antique white,0940,#E4D1BF,browns,warm,light
heritage hills,8554,#DBC3AE,browns,warm,light
dawn,0469,#D3B9A3,browns,warm,light
light coffee,0470,#BEA694,browns,warm,medium
sandstone,3211,#A48B77,browns,warm,medium
earth song,8550,#8A6E59,browns,warm,dark
cafe latte,8549,#7A604C,browns,warm,dark
sweet dreams,8564,#F3E3D1,browns,warm,light
cane beige,8563,#F2DCC4,browns,warm,light
ceramic,3122,#EBCFB3,browns,warm,light
oak leaf,8561,#E7C8A9,browns,warm,light
light buff,0362,#DBB79A,browns,warm,light
peanut butter,8559,#C89E7D,browns,warm,medium
african desert,8558,#AC7D5A,browns,warm,medium
roast brown,4198,#9E6F4A,browns,warm,medium
victorian wisp,0N68,#F1E4D3,browns,warm,light
dune walk,8571,#E9D0B9,browns,warm,light
talc,0N22,#E5C8B0,browns,warm,light
hazel nut,8569,#D1AF96,browns,warm,medium
indian spice,8568,#BB987E,browns,warm,medium
rustic charm,8567,#AF896B,browns,warm,medium
tree bark,8566,#9F795E,browns,warm,medium
cairo bazaar,8565,#86624A,browns,warm,dark
memories,8580,#EFDFCE,browns,warm,light
baked biscuit,8579,#E7CEB8,browns,warm,light
calamine,8578,#DCBDA5,browns,warm,light
brown paper,8577,#CAAC97,browns,warm,medium
country roads,8576,#B19179,browns,warm,medium
straw mat,8575,#A48167,browns,warm,medium
burnished caramel,8574,#99745C,browns,warm,medium
mochaccino,8573,#896650,browns,warm,dark
spice,0477,#EAD2BE,browns,warm,light
sand clock,8586,#DBBBA5,browns,warm,light
apricot-n,0501,#C9A995,browns,warm,medium
dry acorn,8584,#AF8E79,browns,warm,medium
pharoah,4194,#A7826A,browns,warm,medium
brown sugar,8582,#97735C,browns,warm,medium
antique brass,8581,#805D47,browns,warm,dark
rich chocolate,8645,#6B5044,browns,warm,dark
honey oatmeal-n,K190,#9C693E,browns,warm,dark
malanga root-n,K191,#8D623E,browns,warm,dark
desert shrub-n,K192,#896346,browns,warm,dark
burnt toffee-n,K193,#8D5D3F,browns,warm,dark
cedar bark-n,K194,#875D40,browns,warm,dark
millet brown-n,K195,#805C41,browns,warm,dark
mulethi roots-n,K196,#6D5343,browns,warm,dark
dark kaapi-n,K197,#5E4C3E,browns,warm,dark
arabica roast-n,K198,#A67A5F,browns,warm,medium
arabian dune-n,K199,#AC795E,browns,warm,medium
hazelnut mousse-n,K200,#A26B4D,browns,warm,dark
brown deer-n,K201,#925D45,browns,warm,dark
sarawak-n,K202,#875D49,browns,warm,dark
wildebeest run-n,K203,#7E5B49,browns,warm,dark
charred umber-n,K204,#785C4B,browns,warm,dark
muddy creek-n,K205,#715548,browns,warm,dark
camel skin,9530,#D6BDA3,browns,warm,light
warm khaki-n,K206,#AA8B70,browns,warm,medium
borneo river-n,K207,#A3826A,browns,warm,medium
brown bread,9526,#8E725A,browns,warm,medium
orangutan brown-n,K208,#7E624F,browns,warm,dark
reindeer coat-n,K209,#75574A,browns,warm,dark
havana cigar-n,K210,#604E42,browns,warm,dark
river soil-n,K211,#594F4A,browns,warm,dark
crystal beach,8596,#F3E5D4,oranges,warm,light
brick pile,8595,#F2D4B9,oranges,warm,light
barley,0572,#EFC9AC,oranges,warm,light
poetry,5219,#EAC0A3,oranges,warm,light
light biscuit-n,0318,#DDAD90,oranges,warm,medium
lazy brown,8591,#C99374,oranges,warm,medium
copper leaf,0523,#B27856,oranges,warm,medium
ethnic brown,8589,#A16646,oranges,warm,dark
windsor cream,0989,#F1E0D1,browns,warm,light
beach shack,8603,#ECD5C3,browns,warm,light
herbal pack,8602,#DEBBA3,browns,warm,light
red marble,5226,#CCA692,browns,warm,medium
country beige,8600,#BF9680,browns,warm,medium
ginger bread,8599,#B2856D,browns,warm,medium
tawny sky,8598,#A3745D,browns,warm,medium
nut brown-n,0419,#735346,browns,warm,dark
waking earth,8612,#F2DBCC,oranges,warm,light
flushed brown,8611,#EFC7B5,oranges,warm,light
bonny peach,8610,#E7B6A2,oranges,warm,light
ancient inca,8609,#E6B39E,oranges,warm,light
peach nectar,8608,#D59F8D,oranges,warm,medium
marco polo,8607,#C08371,browns,warm,medium
brownstone,4234,#A76955,browns,warm,medium
truffle surprise,8605,#9D5646,oranges,warm,dark
vanity,5260,#EED6CB,browns,warm,light
palace lights-n,0N17,#EFD0C2,browns,warm,light
blushing rose,5117,#E2B6A5,browns,warm,light
sunbaked clay,8617,#D4A597,browns,warm,medium
rustic pottery,8616,#C69384,browns,warm,medium
copper coast,8615,#B37765,browns,warm,medium
brick red-n,0533,#A46856,browns,warm,medium
old brick,8613,#8A5443,browns,warm,dark
dessert love-n,K212,#9C6B60,browns,warm,dark
apricot nut-n,K213,#84554C,browns,warm,dark
chocolate fudge-n,K214,#724E45,browns,warm,dark
dark horse-n,K215,#6F4F44,browns,warm,dark
banyan trunk-n,K216,#6C5146,browns,warm,dark
stallion brown-n,K217,#655046,browns,warm,dark
tempered chocolate-n,K218,#5F4740,browns,warm,dark
otter brown-n,9582,#594642,browns,warm,dark
truffle,8635,#F8DCCF,oranges,warm,light
cold candy,5132,#F0C3B2,oranges,warm,light
timber ridge,8633,#E5A996,oranges,warm,medium
rocky cliff,8632,#D79887,oranges,warm,medium
prairie island,8631,#C17C6D,oranges,warm,medium
navajo dust-n,K219,#BF725F,oranges,warm,medium
copper,0587,#AC6451,oranges,warm,medium
terracotta-n,0427,#8E4B3F,oranges,warm,dark
almond kiss,8643,#E8C8BD,browns,warm,light
brick clay,8642,#E0BAAD,browns,warm,light
warm sands,8641,#D4A69A,browns,warm,medium
lingering brew,7027,#C0938A,browns,warm,medium
brick tone,8639,#A37064,browns,warm,medium
inner bark,8638,#936054,browns,warm,dark
moody maroon,4181,#6E4845,browns,warm,dark
brownie points-n,K220,#644642,browns,warm,dark
twilight hush,0944,#E9DBD1,browns,warm,light
rose petal,0R08,#D9C4B9,browns,warm,light
camel,8650,#CCB4A8,browns,warm,medium
hidden vale,8649,#B8A097,browns,warm,medium
brandy,4115,#A78E85,browns,warm,medium
spice variety,8647,#997D71,browns,warm,medium
java beans,8646,#82675B,browns,warm,dark
bavarian chocolate-n,K221,#6C4E48,browns,warm,dark
sparrow feather,8659,#D9C9C0,browns,warm,light
quarry stone,8658,#CBB9B0,browns,warm,light
dancing deer,8657,#C2AEA5,browns,warm,medium
mud house,8656,#AC9993,browns,warm,medium
cappuccino,8655,#8C766D,browns,warm,medium
frosted chocolate,8654,#756159,browns,warm,dark
wet clay-n,K222,#6E5D53,browns,warm,dark
caffeine,8653,#5B4942,browns,warm,dark
palm peach,8675,#F4D4CA,pinks,warm,light
coral bells,8674,#EDBCB1,pinks,warm,light
cedar path,8673,#E6AAA0,pinks,warm,medium
cinnamon rose,8672,#CB877E,pinks,warm,medium
pink sandstone-n,K223,#CA8379,pinks,warm,medium
spice jar,8671,#B36C64,browns,warm,medium
mohican trail,8670,#A65B4F,browns,warm,dark
marooned brown,8669,#8A4A45,browns,warm,dark
soothing silk,9531,#E1CEB8,browns,warm,light
blush cream-n,K224,#EDDAC7,browns,warm,light
peach macaron-n,K225,#ECCEBA,browns,warm,light
macadamia cream-n,K226,#C3937C,browns,warm,medium
tea brown-n,K227,#BD7D6C,browns,warm,medium
nutmeg cream-n,K228,#B86D62,browns,warm,medium
cinnamon sprinkle-n,K229,#9F574B,browns,warm,dark
peri peri-n,K230,#8C483A,browns,warm,dark
pink clam-n,K231,#E8D2C9,browns,cool,light
strawbella-n,K232,#F3D5CE,pinks,cool,light
chantilly strawberry-n,K233,#F3CCC4,pinks,cool,light
strawberry shortcake-n,K234,#E6BEB3,pinks,cool,light
baby bunny-n,K235,#E1B5A7,pinks,cool,light
pinkish beige-n,K236,#D6A499,pinks,warm,medium
irish creme coffee-n,K237,#9F7B70,browns,warm,medium
earthen symphony-n,K238,#956E63,browns,warm,dark
light latte-n,K239,#D9C7BB,browns,warm,light
luminous dawn-n,K240,#DEC0B4,pinks,warm,light
raspberry shell-n,K241,#E2BFB3,pinks,warm,light
warm pink-n,K242,#EFBAAD,pinks,warm,light
coral room-n,K243,#DFA79C,pinks,warm,medium
powder rouge-n,K244,#AD776D,browns,warm,medium
soapstone rose-n,K245,#B2736A,browns,warm,medium
sequoia bark-n,K246,#956058,browns,warm,dark
camellia bud-n,K247,#F6DDCF,pinks,warm,light
oyster blush-n,K248,#F9D9C9,pinks,warm,light
raspberry pannacotta-n,K249,#FED0C5,pinks,warm,light
pleasant dreams-n,K250,#F9C9BC,pinks,warm,light
talc pink-n,K251,#E3B1A9,pinks,cool,light
wispy warmth-n,K252,#CCA49D,pinks,cool,medium
warm mauve-n,K253,#BE8985,pinks,cool,medium
honey sheesham-n,K254,#7A4841,browns,warm,dark
dawn blush-n,K255,#E2D1C7,pinks,cool,light
paradise light-n,K256,#F6E5DB,pinks,cool,light
champagne pink-n,K257,#F7E3DD,pinks,cool,light
softest rose-n,K258,#EDD4D1,pinks,cool,light
subtle mauve-n,K259,#D9BBB1,pinks,cool,light
dreamy pink-n,K260,#CAABA2,pinks,cool,medium
pastel mauve-n,K261,#B8958E,pinks,cool,medium
rosewood rouge-n,K262,#8A4D4A,pinks,warm,dark
white flame,8708,#F1DEDB,pinks,cool,light
pink embrace,8698,#DCC1C3,pinks,cool,light
pink compact,8697,#D1B0B4,pinks,cool,medium
pampered pink,8696,#BD9DA3,pinks,cool,medium
vintage wine,8695,#A48289,pinks,warm,medium
spring bliss,8694,#8C686A,pinks,warm,dark
cheerful cherry,8693,#774A4C,browns,warm,dark
smoked chestnut-n,K263,#684344,browns,warm,dark
almond white,8692,#EAD7D3,browns,cool,light
morning light,8691,#E2CCC9,browns,cool,light
mountain retreat,8690,#D6BDBA,browns,cool,light
jewel sand,8689,#C9ACAA,browns,warm,medium
indian earth,8688,#B39797,browns,warm,medium
deep currant,8687,#98797A,browns,warm,medium
chocolate cherry,8686,#846161,browns,warm,dark
mahogany,0R05,#6E4143,browns,warm,dark
vibrant blush,8707,#EBD3D3,pinks,cool,light
spring season,8706,#E7C7CB,pinks,cool,light
rose plume,8705,#DFB8BE,pinks,cool,light
noah's ark,8704,#CCA5AE,pinks,cool,medium
root beer,8703,#B38893,pinks,cool,medium
grape punch,8702,#9B6E78,pinks,warm,medium
very berry,8701,#764752,pinks,warm,dark
plum brunette-n,K264,#6C4850,pinks,warm,dark
strawberry,0481,#E6D0D3,pinks,cool,light
pink bloom,8714,#D6B9BD,pinks,cool,light
shrub rose,8713,#D1B2B7,pinks,cool,light
winter cherry,8712,#C29FA6,pinks,cool,medium
sea shell rose,8711,#A8818B,pinks,cool,medium
cheer up,8710,#90676C,pinks,warm,dark
vine yard,8709,#7A4F58,pinks,warm,dark
wine harvest-n,K265,#784852,pinks,warm,dark
lilac grey-n,K266,#947F7B,browns,warm,medium
creme de cacao-n,K267,#927169,browns,warm,medium
drinking chocolate-n,K268,#7C625A,browns,warm,dark
mocha love-n,K269,#79625C,browns,warm,dark
falcon feather-n,K270,#725B54,browns,warm,dark
algerian chocolate-n,K271,#6C574F,browns,warm,dark
muddy taupe-n,K272,#61534B,browns,warm,dark
weathered alluvium-n,K273,#4F4744,browns,warm,dark
serene grey-n,K274,#ACAAA9,greys,cool,medium
silverfish-n,K275,#A7A3A5,greys,cool,medium
quiet dusk-n,K276,#988E87,greys,cool,medium
grey wind-n,K277,#85746F,greys,cool,medium
stalactite-n,K278,#807570,greys,cool,medium
kahlua creme-n,K279,#756866,browns,cool,dark
deep umber-n,K280,#685954,browns,cool,dark
dark soil-n,K281,#584B45,browns,cool,dark
country chic-n,K282,#D4CCC4,browns,warm,light
maple syrup,8747,#D8C9C4,browns,warm,light
mauve star,8746,#C9B9B4,browns,warm,light
misty rose,8745,#BBA8A4,browns,warm,medium
mystery,8744,#A29292,browns,cool,medium
rave raisin,8743,#877778,browns,warm,medium
lumber jack,8742,#715E5B,browns,warm,dark
weathered oak,8741,#5B4842,browns,warm,dark
sound of music,8756,#DBD1C8,browns,warm,light
fawn,0N05,#D1C5BC,browns,warm,light
desert dune,8754,#C1B3AB,browns,cool,medium
earl grey,8753,#A79B95,browns,cool,medium
utopia,8752,#90827D,browns,cool,medium
toasted toffee,8751,#7F6F67,browns,warm,dark
mohawk valley,8750,#74655E,browns,warm,dark
dried spices,8749,#534842,browns,warm,dark
southern sand,8780,#E6DBCF,browns,warm,light
moccasin,8763,#D9CCC0,browns,warm,light
cookie dough,8762,#C6B7AA,browns,warm,light
grey sandstone,8761,#AEA39A,browns,cool,medium
english castle,8760,#968C82,browns,cool,medium
timber land,8759,#897B70,browns,warm,medium
evening shade,8758,#776B60,browns,warm,dark
kayak,8757,#64564A,browns,warm,dark
cambridge,8771,#DACFC4,browns,warm,light
beige rage,8770,#C6B6AA,browns,warm,light
taupe tone,8769,#B0A197,browns,cool,medium
wild west,8768,#A09085,browns,warm,medium
hawaiian shack,8767,#917E71,browns,warm,medium
brownie,8766,#806E61,browns,warm,dark
roasted beans,8765,#69564A,browns,warm,dark
tuscan olive-n,K283,#655342,browns,warm,dark
desert dreams,8779,#E1D1C2,browns,warm,light
walnut cream,8778,#D4C2B2,browns,warm,light
beige-n,0302,#C4B0A0,browns,warm,medium
dark ash,8776,#B09E91,browns,warm,medium
rock crystal,8775,#97867A,browns,warm,medium
wooden chest,8774,#7E6B5E,browns,warm,dark
dark chocolate-n,K284,#70584C,browns,warm,dark
vintage walnut,8773,#685547,browns,warm,dark
laal-i,X179,#CE4A51,reds,warm,dark
pure red,8093,#C73D3C,reds,warm,dark
rich rouge,X122,#B94A4E,reds,warm,dark
scarlet,8085,#BA3E44,reds,warm,dark
anar-i,X185,#A0464E,reds,warm,dark
red alert,X124,#A5414F,reds,warm,dark
crimson depth,X123,#914048,reds,warm,dark
raisin delight,X127,#694C4C,browns,warm,dark
yogi-i,X174,#EF8141,oranges,warm,dark
sunrise,0526,#E37342,oranges,warm,dark
palash-i,X177,#E27043,oranges,warm,dark
hot shot,8021,#E86543,oranges,warm,dark
centre stage,8045,#DB5849,reds,warm,dark
rodeo,X117,#BC4D42,reds,warm,dark
signal red,0520,#B83F3E,reds,warm,dark
red red,X118,#9B4841,reds,warm,dark
goldfish,7973,#F57E33,oranges,warm,dark
gulmohar-i,X206,#F27C35,oranges,warm,dark
camp fire,X114,#EF6F38,oranges,warm,dark
orange tango,X113,#DD653C,oranges,warm,dark
sahara sunset,X115,#DC5439,oranges,warm,dark
deep orange,0506,#D34B3D,oranges,warm,dark
code red,X120,#BA433A,reds,warm,dark
cider red,X116,#A85141,reds,warm,dark
orange vision,X110,#FB9C31,oranges,warm,dark
orange crown,7974,#FE9B4F,oranges,warm,dark
orange peel,7957,#FE932B,oranges,warm,dark
morning raga-i,X221,#F99434,oranges,warm,dark
glorious sunset,X111,#F38933,oranges,warm,dark
glowing rust,X112,#E1753A,oranges,warm,dark
maati-i,X207,#AD5B39,browns,warm,dark
gerua-i,X196,#9E5639,browns,warm,dark
kesar delicacy-i,X170,#FCA734,yellows,warm,dark
fire globe,7950,#FEAF48,yellows,warm,medium
turmeric,7941,#FEA800,yellows,warm,medium
mango mood,X109,#FEAB1E,yellows,warm,medium
gulbahar-i,X220,#FBA122,yellows,warm,dark
thar desert,7917,#EF9F26,yellows,warm,dark
passion flower,X107,#D99531,yellows,warm,dark
mid buff,3176,#BF8843,yellows,warm,medium
desert glow,7910,#FEC547,yellows,warm,medium
boondi-i,X161,#FEC140,yellows,warm,medium
mango,7909,#FEB600,yellows,warm,medium
surajmukhi-i,X219,#F9AD30,yellows,warm,medium
radiance,7893,#F3AE35,yellows,warm,dark
mustard,7901,#EDAB2A,yellows,warm,dark
golden jejuri-i,X169,#E7A230,yellows,warm,dark
jaipur safari-i,X172,#C59552,yellows,warm,medium
sonchafa-i,X216,#FEC22C,yellows,warm,medium
polka,7869,#FEBF19,yellows,warm,medium
dhoop-i,X166,#F1BC47,yellows,warm,medium
golden alphonso-i,X218,#EDB130,yellows,warm,dark
pukhraj-i,X217,#E6AD3E,yellows,warm,dark
makai dana-i,X214,#DAA83D,yellows,warm,dark
peeli sarson-i,X173,#CB9430,yellows,warm,dark
ochre shadow,X106,#BE8D40,yellows,warm,medium
golden ray,7870,#FECE48,yellows,warm,medium
sunny yellow,7861,#FECA26,yellows,warm,medium
lemon ole,X105,#FEC200,yellows,warm,medium
pondicherry yellow-i,X215,#EAB630,yellows,warm,medium
mahua-i,X167,#D7AD55,greens,warm,medium
gold rush,X101,#DBB032,greens,warm,dark
mustard field,X102,#D3A72E,greens,warm,dark
fasal-i,X213,#CB9E36,greens,warm,dark
yellow marigold,7862,#FED64E,yellows,warm,medium
fresh mosambi-i,X212,#FECC44,yellows,warm,medium
sporty yellow,X104,#FEC52E,yellows,warm,medium
victorian gold,X103,#EEB81B,yellows,warm,medium
sunny sonmarg-i,X210,#D3B733,greens,warm,dark
summer fern,7829,#CCAE27,greens,warm,dark
kairi panha-i,X225,#AF9E36,greens,warm,dark
sugarcane juice-i,X224,#918337,greens,warm,medium
baisakhi yellow-i,X168,#FACA17,yellows,warm,medium
amrud-i,X209,#DFC941,greens,warm,medium
amla green-i,X223,#CCC038,greens,warm,medium
lemon blast,9365,#AAB233,greens,warm,dark
sporting green,7741,#ADB328,greens,warm,dark
paan-i,X222,#929D3A,greens,cool,dark
chrome green,X160,#78874D,greens,cool,medium
forest glade,X158,#65844C,greens,cool,medium
dhaani-i,X165,#D9D25C,greens,warm,medium
festivity,7774,#D9CF4C,greens,warm,medium
lemon souffle,7773,#CFC831,greens,warm,medium
jugnu-i,X211,#B0C645,greens,cool,medium
loud lime,X159,#7AA834,greens,cool,dark
konkan green-i,X176,#4CB067,greens,cool,dark
madras green-i,X184,#208264,greens,cool,dark
hill and vale,X156,#39734F,greens,cool,dark
blade of grass,7566,#36B07F,greens,cool,medium
sawan-i,X175,#03A873,greens,cool,medium
basant bahar-i,X193,#009B6C,greens,cool,medium
sanobar-i,X192,#008863,greens,cool,dark
hariyali-i,X194,#007F55,greens,cool,dark
emerald lights,X155,#346C4D,greens,cool,dark
cilantro,7581,#3F6E4F,greens,cool,dark
amazon moss,X153,#446559,greens,cool,dark
rustic turquoise,7438,#009BA7,greens,cool,medium
neelkanth-i,X182,#008D9F,greens,cool,medium
jal tarang-i,X183,#007D91,greens,cool,dark
polished blue,X149,#007681,greens,cool,dark
deep indus-i,X181,#356B74,greens,cool,dark
turquoise ocean,X151,#386468,greens,cool,dark
night at sea,X152,#365C5F,greens,cool,dark
teal dream,X150,#38555D,greens,cool,dark
samudra-i,X171,#63B0D1,blues,cool,medium
mughal blue,7359,#4BA1C3,blues,cool,medium
sagar-i,X190,#0086B1,blues,cool,medium
kedarnath skies-i,X191,#007C9F,blues,cool,dark
mineral blue,X147,#007791,blues,cool,dark
deep firozi-i,X164,#006982,blues,cool,dark
peacock blue-n,0161,#006A7E,blues,cool,dark
pigeon crest,X148,#2E5B6F,blues,cool,dark
greek vase,7328,#6AAFD9,blues,cool,medium
inkjet,7327,#55A3D3,blues,cool,medium
jodhpur walls-i,X195,#2176AC,blues,cool,dark
neelam-i,X189,#0077AB,blues,cool,dark
nabha-i,X188,#00699D,blues,cool,dark
ocean force,X146,#1D628A,blues,cool,dark
inky sea,X145,#355775,blues,cool,dark
colonial blue,X144,#3C5370,blues,cool,dark
festive purple-i,X180,#6C639A,purples,cool,dark
arabian nights-i,X186,#695283,purples,cool,dark
egg plant delite,7157,#5C4F80,purples,cool,dark
banaphool-i,X187,#4F4F82,purples,cool,dark
blue berry,7213,#484C7B,purples,cool,dark
imperial blue,7245,#404E7E,purples,cool,dark
nautical mile,X142,#41567C,purples,cool,dark
royal wave,X143,#434F65,purples,cool,dark
gulabi-i,X178,#CA6EA2,pinks,cool,medium
gulbakshi-i,X205,#C56496,reds,cool,medium
grape riot,X138,#8E537F,purples,warm,dark
very fuschia,X137,#884769,purples,cool,dark
violet saga,X139,#704964,purples,warm,dark
violet paradise,X140,#6B4C6C,purples,warm,dark
midnight interlude,X141,#5C4B6A,purples,cool,dark
hip purple,8197,#584454,purples,warm,dark
peshwai pink-i,X204,#DC7E9C,purples,cool,medium
shocking pink,8126,#D47094,purples,cool,medium
deep pink,X132,#A64668,purples,cool,dark
violet delight,X131,#8F4758,reds,cool,dark
regal purple,X133,#89435D,purples,warm,dark
purple prose,X136,#75475D,purples,warm,dark
cherry bon bon,X135,#6C4454,purples,warm,dark
kokam-i,X162,#613D4E,purples,warm,dark
cupid,8094,#E8778C,pinks,cool,medium
auspicious red-i,X202,#C04756,reds,warm,dark
cherry brandy,X126,#A74D5D,reds,warm,dark
moulin rouge,X125,#A2495B,reds,warm,dark
raspberry crush,X130,#804E55,reds,warm,dark
burgundy plus,X129,#7F454B,reds,warm,dark
dark cherry,X128,#71474B,reds,warm,dark
burnt violet,X134,#614850,purples,warm,dark
sindoor-i,X199,#A24B53,reds,warm,dark
aalta-i,X203,#AA4B5A,reds,warm,dark
lalbaug-i,X200,#994A5B,reds,warm,dark
kanchipuram red-i,X201,#9E4957,reds,warm,dark
beet red-i,X198,#994853,reds,warm,dark
ambadi-i,X197,#904753,reds,warm,dark
apple sangria-i,X163,#82484F,reds,warm,dark
kashmiri kesar-i,X208,#6F4145,reds,warm,dark